,Title,Search,Location,Company,detail_url
0,Junior Data Scientist,Data+scientist,"Temporarily Remote in New York, NY 10169",Tarifica,www.indeed.com/pagead/clk?mo=r&ad=-6NYlbfkN0AixdMcBBUJoxAf5vBfsj2bZj4MxCab4QaiT7V-EpLbhk7gyPuqVGbLpETUprXws3HEheMEeNw4AEv2y2lFWw7Y_h6UHrcW1egOJZucV-x7_BLORF-y8rQcW3OyynKjBGu6scwzu0roYr0ZLqwpaydGDVTcDvYEZ_7gSoiMCNeehI5x5MLIYjjzb8UuSgYxjEuV3FdhQAAPbPy_UanWHwfv8VRnFeTsltRbDzPcxTIB1x9Fx_Y-aiZI5fxGuMYdGlG0NphTBBliY5qGKCwxQYb2ks3lGI-QL3yviklLIH15Gf2mMnE5P1EM3UTh21PE5fqxw31E3IjuOmPcPXLdSa1aP6ymVSOz-sFudzB0mWsdpY1ZWeAyJdNKd4ArzLpW-C2CkBpimtjMRDNCTMrWeU0xctqDkv-voudAMP8m3tgl-p5quChYaF8aUvbFQyvC4-V8NnI7d7G2NPan2Iz-mlfa&xkcb=SoA6-_M3amMkHdg08z0LbzkdCdPP&p=0&fvj=1&vjs=3
0,"Data Scientist, Spotify For Artists",Data+scientist,"Remote in New York, NY+4 locations",Spotify,www.indeed.com/rc/clk?jk=a2c008533625ab9d&fccid=fe404d18bb9eef1e&vjs=3
0,Data Scientist,Data+scientist,"Remote in Brooklyn, NY+1 location",Altana AI,www.indeed.com/rc/clk?jk=aa5ba42f427a4c35&fccid=75d4d948cc21894d&vjs=3
0,Data Scientist,Data+scientist,"Hybrid remote in New York, NY",Reach Financial,www.indeed.com/rc/clk?jk=09f69ab4a5bdc187&fccid=b323682183d216f6&vjs=3
0,Data Scientist,Data+scientist,"New York, NY 10004 (Financial District area)",Parabolic USA,www.indeed.com/company/Parabolic-USA/jobs/Data-Scientist-3cd968f21044b2ba?fccid=f69d723c99c28ae5&vjs=3
0,"Data Scientist, SCOT Selection",Data+scientist,"New York, NY+9 locations",Amazon.com Services LLC,www.indeed.com/rc/clk?jk=60e271857eba7acf&fccid=fe2d21eef233e94a&vjs=3
0,Data Scientist - 2023 Entry Level Sales (Accelerate),Data+scientist,"New York, NY 10001 (Chelsea area)",IBM,www.indeed.com/rc/clk?jk=16f72d927066fb87&fccid=de71a49b535e21cb&vjs=3
0,"Data Scientist, Product Analytics",Data+scientist,"Remote in Brooklyn, NY 11201",Etsy,www.indeed.com/rc/clk?jk=d446181a7ee0b911&fccid=9ecb91618c39a24f&vjs=3
0,Data Scientist,Data+scientist,"New York, NY 10005 (Financial District area)",Murmuration,www.indeed.com/rc/clk?jk=3fd43bb2821ea9e9&fccid=07d11ae346195fc9&vjs=3
0,Data Scientist $85 hrly (34399/4852),Data+scientist,"New York, NY 10003 (Flatiron area)",Mackin Talent,www.indeed.com/company/Mackin-Talent/jobs/Data-Scientist-Hrly-7876a9466c0adbbf?fccid=cf80b7640bd8266c&vjs=3
0,Data Scientist,Data+scientist,"New York, NY",The New York Times,www.indeed.com/rc/clk?jk=8a4960da1bea9a14&fccid=1b50fcfb150b1b48&vjs=3
0,Data Scientist,Data+scientist,"Remote in New York, NY 10013",Oscar Health,www.indeed.com/rc/clk?jk=88abaea9dd471ec0&fccid=402a1c36c3f1508f&vjs=3
0,Data Scientist,Data+scientist,"New York, NY+1 location",United Nations,www.indeed.com/rc/clk?jk=4244e831fdf60eb9&fccid=65ae769cb89830ec&vjs=3
0,Data Scientist,Data+scientist,"Remote in New York, NY","Recora, Inc",www.indeed.com/rc/clk?jk=fdac8d09ef81b9fa&fccid=b0474935b20dd0f4&vjs=3
0,Data Scientist,Data+scientist,"Remote in New York, NY",Citizen,www.indeed.com/rc/clk?jk=22adb7dfa9ab2049&fccid=caa54e7c6c4efc29&vjs=3
0,Data Scientist (Fintech),Data+scientist,"New York, NY",Coast,www.indeed.com/rc/clk?jk=e915fc1abfd3f666&fccid=3e2d1fb210890673&vjs=3
0,DATA SCIENTIST,Data+scientist,"Brooklyn, NY",NYC Careers,www.indeed.com/rc/clk?jk=dbbd494f8543420d&fccid=f97367b3ac9546b1&vjs=3
0,Senior Data Scientist,Data+scientist,"New York, NY+1 location",Cyber Resource,www.indeed.com/company/Cyber-Resource/jobs/Senior-Data-Scientist-6c0411c828cf5343?fccid=f019837ce3418006&vjs=3
0,(Jr) Quantitative Analyst / Data Scientist,Data+scientist,"Remote in Vienna, NY",TrueChoice Solutions,www.indeed.com/rc/clk?jk=2db9cdae9e9799c7&fccid=97ae2cbdbcac4ed1&vjs=3
0,Data Scientist,Data+scientist,"Corning, NY 14831",Corning,www.indeed.com/rc/clk?jk=9ed3adcc8aae02d5&fccid=fb75933edd65f432&vjs=3
0,Data Scientist,Data+scientist,"New York, NY",Kargo,www.indeed.com/company/Kargo/jobs/Data-Scientist-100dd534ec22305b?fccid=6c84a3ae9a51e611&vjs=3
0,Product Data Scientist,Data+scientist,"New York, NY 10011 (Chelsea area)+1 location",Current,www.indeed.com/rc/clk?jk=4be7e126246453e2&fccid=384e0959abbf337a&vjs=3
0,Data Scientist,Data+scientist,"New York, NY 10005 (Financial District area)",WorkFusion,www.indeed.com/rc/clk?jk=69e04eafdbcb10a9&fccid=b480584f7bee501e&vjs=3
0,Data Scientist,Data+scientist,"New York, NY",CompStak,www.indeed.com/company/CompStak/jobs/Data-Scientist-16b073baf222ab4a?fccid=8dba6a68d1095483&vjs=3
0,Senior Data Scientist,Data+scientist,"Remote in New York, NY",Chief,www.indeed.com/rc/clk?jk=d7b8e53c1879cd4b&fccid=77d86229caf8c617&vjs=3
0,Sr. Data Scientist,Data+scientist,"New York, NY+7 locations",Amazon.com Services LLC,www.indeed.com/rc/clk?jk=55ece5d4e2ae137e&fccid=fe2d21eef233e94a&vjs=3
0,Data Scientist,Data+scientist,"New York, NY",Nielsen,www.indeed.com/rc/clk?jk=406a0508af94e2ee&fccid=683f563b5cc25b70&vjs=3
0,Staff Data Scientist,Data+scientist,"Remote in New York, NY","Employment Opportunities at BuzzFeed, Inc.",www.indeed.com/rc/clk?jk=5a37c7929f46a93e&fccid=b102625070cdb638&vjs=3
0,"Senior Data Scientist, Product Analytics",Data+scientist,"New York, NY 10011 (Chelsea area)+1 location",Peloton,www.indeed.com/rc/clk?jk=34c0eeadaf6cfe77&fccid=8899ecbdba2d0a5e&vjs=3
0,Staff Data Scientist,Data+scientist,"Remote in New York, NY 10017+1 location",Fanatics Inc.,www.indeed.com/rc/clk?jk=b0b6e7ad9951c1ea&fccid=316c778b7bc10b48&vjs=3
0,Staff Data Scientist,Data+scientist,"Remote in New York, NY+1 location","Employment Opportunities at BuzzFeed, Inc.",www.indeed.com/rc/clk?jk=5a37c7929f46a93e&fccid=b102625070cdb638&vjs=3
0,"Senior Data Scientist, Product Analytics",Data+scientist,"New York, NY 10011 (Chelsea area)+4 locations",Peloton,www.indeed.com/rc/clk?jk=34c0eeadaf6cfe77&fccid=8899ecbdba2d0a5e&vjs=3
0,Statistical Assistant,Data+scientist,"Albany, NY 12210 (Central Avenue area)",Knowledge Builders Inc.,www.indeed.com/company/Knowledge-Builders-Inc./jobs/Statistical-Assistant-2ad4095e6185884b?fccid=1043b3f2ab1bcb50&vjs=3
0,Data Scientist,Data+scientist,"Maryland, NY",helm,www.indeed.com/company/HELM/jobs/Data-Scientist-5b53600f371658d8?fccid=feeac034ca41a48b&vjs=3
0,Senior Data Scientist,Data+scientist,"New York, NY 10022 (Midtown area)+2 locations",GALE,www.indeed.com/rc/clk?jk=a5690fb93818d59d&fccid=d65cf0e290d6bfe1&vjs=3
0,Data Scientist II (Remote),Data+scientist,"Remote in New York, NY 10018",MediaMath,www.indeed.com/rc/clk?jk=18bc8792ffcb2aa5&fccid=cf5f0af7879d1065&vjs=3
0,Data Scientist (Remote/Hybrid),Data+scientist,"Remote in White Plains, NY 10601",White Plains Hospital,www.indeed.com/rc/clk?jk=1b0bbdd4d0a16337&fccid=04b24e1d083382c8&vjs=3
0,Data Scientist,Data+scientist,"New York, NY+1 location",Rogo,www.indeed.com/rc/clk?jk=d7fda8de4be261cb&fccid=2771d1fb581b4b5a&vjs=3
0,Environmental Data Scientist,Data+scientist,"Millbrook, NY",Cary Institute of Ecosystem Studies,www.indeed.com/rc/clk?jk=1fe1db501e683c57&fccid=fcdc402e300b6775&vjs=3
0,Data Scientist (Remote),Data+scientist,"Remote in New York, NY",Jun Group,www.indeed.com/rc/clk?jk=f34d7f8cac914e58&fccid=1dd37b4fa1c953a9&vjs=3
0,Data Annotator,Data+scientist,"Remote in New York, NY 10007",Skit.ai,www.indeed.com/rc/clk?jk=78aa2fba388b4f6a&fccid=0e74d497c7379555&vjs=3
0,Data Scientist- Chase,Data+scientist,"New York, NY+13 locations","JPMorgan Chase Bank, N.A.",www.indeed.com/rc/clk?jk=03324fc3b087d3a1&fccid=aaf3b433897ea465&vjs=3
0,Data Science Associate (Remote),Data+scientist,"Remote in New York, NY",pulseData,www.indeed.com/rc/clk?jk=93ba85428775f72d&fccid=2c23f29fcd5c78da&vjs=3
0,Senior Data Scientist,Data+scientist,"New York, NY",Major League Baseball,www.indeed.com/rc/clk?jk=0c48c96c1bad503a&fccid=6262eae176df0db9&vjs=3
0,Data Scientist,Data+scientist,"New York, NY",Edgestream,www.indeed.com/rc/clk?jk=aef472d2186a87df&fccid=c4eb945009d38a84&vjs=3
0,Senior Data Scientist - Credit Risk,Data+scientist,"Remote in New York, NY",Flex,www.indeed.com/rc/clk?jk=d19c6404741d10d5&fccid=b4ab9735c58e3972&vjs=3
0,"Director, Data Science - SVP",Data+scientist,"New York, NY",IPG Health,www.indeed.com/rc/clk?jk=ba2cbc3a1f52e80a&fccid=374f886155c4b81b&vjs=3
0,Data Scientist,Data+scientist,"Remote in Manhattan, NY","GETTR USA, Inc",www.indeed.com/rc/clk?jk=dcde819e75e6170a&fccid=dd616958bd9ddc12&vjs=3
0,Data Scientist,Data+scientist,"New York, NY 10006 (Financial District area)+1 location",Sia Partners,www.indeed.com/rc/clk?jk=ff8778ae3c3fa2fd&fccid=4b32d0c68d487097&vjs=3
0,Data Scientist,Data+scientist,"New York, NY",Bank of America,www.indeed.com/rc/clk?jk=877b8558980ca92c&fccid=5bd99dfa21c8a490&vjs=3
0,2023 Full-Time: eCommerce Data Scientist - Undergrad,Data+scientist,"Purchase, NY 10577",PepsiCo,www.indeed.com/rc/clk?jk=243d1cfacfbaebbf&fccid=2973259ddc967948&vjs=3
0,Data Scientist,Data+scientist,"New York, NY",Cloudbigdata Technologies,www.indeed.com/rc/clk?jk=5263ce3ebd1412b9&fccid=0bcea91e2670d30b&vjs=3
0,Data Scientist,Data+scientist,"New York, NY 10022 (Midtown area)",the NBA,www.indeed.com/rc/clk?jk=afe71fa6ac394104&fccid=ec00141efcac3522&vjs=3
0,Senior Data Scientist,Data+scientist,"Remote in New York, NY",Grow Therapy,www.indeed.com/rc/clk?jk=568b8ef36b31aac5&fccid=a33a464eddadbdcd&vjs=3
0,"Instructor, Data Science",Data+scientist,"Remote in New York, NY 10004",The Flatiron School,www.indeed.com/rc/clk?jk=6fb8d5a4d3612905&fccid=f8c525f9829ffb89&vjs=3
0,"Data Scientist, Data and Analytics",Data+scientist,"New York, NY 10036 (Midtown area)",Precision,www.indeed.com/rc/clk?jk=91de511707edfc45&fccid=43342490aba5c638&vjs=3
0,"Senior Data Scientist, Core Experience",Data+scientist,"Remote in New York, NY+5 locations",Spotify,www.indeed.com/rc/clk?jk=ce707fabc5690279&fccid=fe404d18bb9eef1e&vjs=3
0,Senior Data Scientist,Data+scientist,"Remote in New York, NY",Enigma,www.indeed.com/rc/clk?jk=357afa91d66b0256&fccid=70c6841399d154a5&vjs=3
0,Data Scientist,Data+scientist,"New York, NY",Middesk,www.indeed.com/rc/clk?jk=1c59359b828a6d95&fccid=f292717c32fd0fce&vjs=3
0,Senior Data Scientist,Data+scientist,"Remote in New York, NY",EvolutionIQ,www.indeed.com/rc/clk?jk=6bf1f4eb06f3eee4&fccid=cfbc2963963231b6&vjs=3
0,Machine Learning Engineer,Data+scientist,"Remote in New York, NY",Kunai,www.indeed.com/rc/clk?jk=0edebfb1d0733a5e&fccid=bd0e8f2c0c156e68&vjs=3
0,Data Scientist,Data+scientist,"Long Island City, NY 11101",Fund For Public Health In New York Inc,www.indeed.com/rc/clk?jk=6238b53a2ae71f87&fccid=c6b5143eab3dbe34&vjs=3
0,Senior Data Scientist,Data+scientist,"Remote in New York, NY",Komodo Health,www.indeed.com/rc/clk?jk=2b2be9843eb8ec7b&fccid=086cb533b5438773&vjs=3
0,Data Scientist,Data+scientist,"New York, NY 10007 (Tribeca area)",New York City Council,www.indeed.com/company/New-York-City-Council/jobs/Data-Scientist-842b7badb9a990bf?fccid=4df247a3c63cf550&vjs=3
0,Data Scientist,Data+scientist,"New York, NY 10013 (Tribeca area)",Caden,www.indeed.com/rc/clk?jk=20dca9dc7b16952c&fccid=f4a18456255cc168&vjs=3
0,Otter AI | NLP Engineer,Data+scientist,"Remote in New York, NY 10002+3 locations",Recruiting From Scratch,www.indeed.com/rc/clk?jk=6c49808691c64d3a&fccid=09e02654c2f26bbd&vjs=3
0,Data Scientist,Data+scientist,"New York, NY",Newfish Inc,www.indeed.com/rc/clk?jk=460a5b7e5923fa2b&fccid=dd616958bd9ddc12&vjs=3
0,Senior Data Scientist,Data+scientist,"New York, NY",EliseAI,www.indeed.com/rc/clk?jk=0295bb8a113993ec&fccid=dd616958bd9ddc12&vjs=3
0,Data Scientist I,Data+scientist,"New York, NY",Conde Nast,www.indeed.com/rc/clk?jk=0b63c9cbaf32ce34&fccid=7ca1385998532a85&vjs=3
0,Researcher (Research Data Scientist),Data+scientist,"New York, NY 10012 (NoHo area)",Center for Social Media & Politics,www.indeed.com/company/Center-for-Social-Media-&-Politics/jobs/Researcher-825a22e3ba928a7c?fccid=0906f026dbc3abdb&vjs=3
0,Data Engineer/ Data Scientist,Data+scientist,"Remote in New York, NY 10010",Aegis Ventures,www.indeed.com/rc/clk?jk=14c46140a777076a&fccid=171d2dcaed157a9f&vjs=3
0,"Senior Research and Data Analyst, Student Life",Data+scientist,"Buffalo, NY 14260",University at Buffalo,www.indeed.com/rc/clk?jk=b0fe36d8ceef1b0f&fccid=69d294dd564bf502&vjs=3
0,Data Scientist,Data+scientist,"Hybrid remote in New York, NY 10006",New York Ehealth Collaborative Inc,www.indeed.com/company/New-York-eHealth-Collaborative/jobs/Data-Scientist-d6c20f70a858fe02?fccid=a4228a8dee578576&vjs=3
0,Senior Applied Scientist,Data+scientist,"New York, NY 10011 (Chelsea area)",Twitch,www.indeed.com/rc/clk?jk=155748b2aa491536&fccid=e21f6affbb4bb0b2&vjs=3
0,"Data Scientist/Machine Learning Engineer- New York, NY",Data+scientist,"New York, NY",Bank of America,www.indeed.com/rc/clk?jk=b3cb77146ad96ecf&fccid=5bd99dfa21c8a490&vjs=3
0,Pricing and Promotion Data Scientist II,Data+scientist,Remote in New York State,Levi Strauss & Co.,www.indeed.com/rc/clk?jk=e2cb20635081ed77&fccid=dc023faa36b88bf2&vjs=3
0,Senior Data Scientist,Data+scientist,"Hybrid remote in New York, NY",Nayya,www.indeed.com/rc/clk?jk=b9b172aa0ca1b02a&fccid=e0dfb759c529fd4b&vjs=3
0,"Data Scientist - Wallet, Payments & Commerce - NYC",Data+scientist,"New York, NY+2 locations",Apple,www.indeed.com/rc/clk?jk=410a9239c8ed2904&fccid=c1099851e9794854&vjs=3
0,Associate Data Scientist,Data+scientist,"Armonk, NY+1 location",iptiQ,www.indeed.com/rc/clk?jk=da2e08aee1e5f49e&fccid=3d77e47fb96f2034&vjs=3
0,Data Scientist,Data+scientist,"New York, NY 10036 (Midtown area)",Source Enterprises,www.indeed.com/rc/clk?jk=1636faa0308fd08f&fccid=1577085fc2290983&vjs=3
0,Data Scientist,Data+scientist,"Vestal, NY 13850",United Health Services,www.indeed.com/rc/clk?jk=ab525a24f76202b1&fccid=e907f72d6537bf70&vjs=3
0,Data Scientist - Equinox Fitness Clubs,Data+scientist,"New York, NY",EQUINOX,www.indeed.com/rc/clk?jk=d742ed49c12edd99&fccid=3fe3d0481178cd7d&vjs=3
0,Data Scientist,Data+scientist,"Remote in New York, NY",Afterpay,www.indeed.com/rc/clk?jk=e0e0bb3c09ffe675&fccid=49023dc4dc722a14&vjs=3
0,Senior Data Scientist,Data+scientist,"Remote in New York, NY",Nuvocargo,www.indeed.com/rc/clk?jk=37bebaea84277100&fccid=b1ad5ac833e1ac7c&vjs=3
0,Data Scientist - People Analytics,Data+scientist,"Hybrid remote in New York, NY 10006",Doctors Without Borders | Médecins Sans Frontières,www.indeed.com/rc/clk?jk=93ee85870d25be96&fccid=ad2a90ebc3b2790d&vjs=3
0,Entry Level Consultant - Data Science,Data+scientist,"New York, NY+1 location",Mazars USA,www.indeed.com/rc/clk?jk=0a27a2e61b8d4713&fccid=cf80abde47d3bd81&vjs=3
0,Data Scientist,Data+scientist,"New York, NY 10017 (Midtown area)",Actuate,www.indeed.com/rc/clk?jk=0c9805d234b30a58&fccid=7f454a3b6b42bf00&vjs=3
0,Sr Data Scientist,Data+scientist,"Remote in New York, NY",Nielsen,www.indeed.com/rc/clk?jk=b6efa84725b4fdeb&fccid=683f563b5cc25b70&vjs=3
0,Applied Data Scientist,Data+scientist,"Hybrid remote in New York, NY",Analytic Partners,www.indeed.com/company/Analytic-Partners/jobs/Applied-Data-Scientist-ad35b61a689b4b91?fccid=4d17dd64ea6355de&vjs=3
0,Data Scientist – Credit Risk,Data+scientist,"New York, NY 10018 (Hell's Kitchen area)",Fora Financial LLC,www.indeed.com/rc/clk?jk=b5f64202a52aaa2c&fccid=e1372f0c6aadd565&vjs=3
0,Senior Data Scientist,Data+scientist,"Hybrid remote in New York, NY 10014",Rokt,www.indeed.com/rc/clk?jk=879536633282ad7e&fccid=e7131bb560e57fca&vjs=3
0,Sr. Data Scientist Engineer,Data+scientist,Remote in New York State,Big Village,www.indeed.com/rc/clk?jk=431e8eaf91227748&fccid=dd616958bd9ddc12&vjs=3
0,Data Scientist,Data+scientist,"New York, NY 10017 (Midtown area)+5 locations",TikTok,www.indeed.com/rc/clk?jk=8107d32b323cdf47&fccid=caed318a9335aac0&vjs=3
0,Senior Data Analyst,Data+scientist,"Remote in New York, NY",Billie,www.indeed.com/rc/clk?jk=d6a4483509652a81&fccid=cf60b0e606708831&vjs=3
0,"Senior Data Scientist, Member Services",Data+scientist,"Remote in Brooklyn, NY 11201",Etsy,www.indeed.com/rc/clk?jk=8fe2157268ddc07e&fccid=9ecb91618c39a24f&vjs=3
0,Senior Data Scientist,Data+scientist,"New York, NY",Karat,www.indeed.com/company/Karat/jobs/Senior-Data-Scientist-9898b5d249175aa0?fccid=9136600535b52eae&vjs=3
0,Cybersecurity Data Scientist,Data+scientist,"Hybrid remote in New York, NY 10022",Capital Group,www.indeed.com/rc/clk?jk=f17d39c7f85b8cbf&fccid=a892c8c946e25608&vjs=3
0,Associate Data Scientist,Data+scientist,"Armonk, NY 10504+1 location",Swiss Re,www.indeed.com/rc/clk?jk=22c7b9f2608dec84&fccid=ce527f971de2a93a&vjs=3
0,Senior Data Scientist,Data+scientist,Remote in New York State+5 locations,CVS Health,www.indeed.com/rc/clk?jk=faadf6960d1d9cf8&fccid=be3b11aa573faee7&vjs=3
0,Senior Data Scientist,Data+scientist,"New York, NY",Alldus,www.indeed.com/rc/clk?jk=2290863bb38f91e9&fccid=b4df24bc350094d0&vjs=3
0,"Administrative Assistant, Institute for Artificial Intellige...",Data+scientist,"Hybrid remote in Buffalo, NY 14260",University at Buffalo,www.indeed.com/rc/clk?jk=18160e230b8da99b&fccid=69d294dd564bf502&vjs=3
0,"Data Engineer, Royalties & Reporting",Data+scientist,"New York, NY",Spotify,www.indeed.com/rc/clk?jk=fb2be6723e8ab85c&fccid=fe404d18bb9eef1e&vjs=3
0,Hedge Fund/Family Office Consultant - Data Scientist,Data+scientist,"New York, NY",Arootah LLC,www.indeed.com/company/Arootah/jobs/Hedge-Fund-Family-Office-Consultant-caa1f5b7fb813349?fccid=9fea953e49f047df&vjs=3
0,Senior Data Scientist,Data+scientist,"Remote in New York, NY",Saturn,www.indeed.com/rc/clk?jk=1ac823f08545447a&fccid=b4bdc8ec68ac3d02&vjs=3
0,Contract Senior Business/Data Analyst,Data+scientist,"Hybrid remote in New York, NY 10122+1 location",PenMark SOLUTIONS,www.indeed.com/company/Trf-Technologies/jobs/Contract-Senior-Business-Data-Analyst-f395d0a6367d29e2?fccid=fa8c4c41e0f2106a&vjs=3
0,"Lead Data Scientist, Fraud and Cyber Products",Data+scientist,"Hybrid remote in New York, NY 10011",MasterCard,www.indeed.com/rc/clk?jk=d2c808f1c230446f&fccid=10b5c722d846df43&vjs=3
0,Data Scientist,Data+scientist,"New York, NY 10032 (Washington Heights area)",Columbia University Medical Center,www.indeed.com/rc/clk?jk=adf5edcbdd6b5156&fccid=bd976cc171c690e0&vjs=3
0,"Sr. Data Scientist, International Growth (Market Insights)",Data+scientist,"Remote in New York, NY+7 locations",Reddit,www.indeed.com/rc/clk?jk=a945a7c84e7ff335&fccid=e7c7bace894a9291&vjs=3
0,Lead Data Scientist,Data+scientist,"Remote in New York, NY 10017",Numerator,www.indeed.com/rc/clk?jk=a0af21927d6f54bd&fccid=11f2ca9fb7278374&vjs=3
0,Applied Machine Learning Scientist,Data+scientist,"New York, NY 10019 (Midtown area)+1 location",Penguin Random House LLC,www.indeed.com/rc/clk?jk=106dff58d9714c92&fccid=2e55c073eaa56262&vjs=3
0,Data Scientist,Data+scientist,"New York, NY",Neuberger Berman,www.indeed.com/rc/clk?jk=16270b31fc7a306a&fccid=4983b5e32f963a34&vjs=3
0,Data Scientist,Data+scientist,"Hicksville, NY 11801",Eureka Infotech,www.indeed.com/rc/clk?jk=64615db9a638e7bd&fccid=a0523b60f489562d&vjs=3
0,VIE New York City- Data Scientist,Data+scientist,"New York, NY",L'Oreal,www.indeed.com/rc/clk?jk=19584876443f5a80&fccid=ec8a0bd60be9a6f5&vjs=3
0,Software Engineer - Data Science,Data+scientist,"Hybrid remote in New York, NY",Datadog,www.indeed.com/rc/clk?jk=8dc6afb38e7e16f8&fccid=448951d0ddf03e0c&vjs=3
0,"Applied Scientist, Chronicle",Data+scientist,"New York, NY+21 locations",Amazon.com Services LLC,www.indeed.com/rc/clk?jk=1e58e8dff4e71614&fccid=fe2d21eef233e94a&vjs=3
0,"Data Scientist, International Payments",Data+scientist,"New York, NY",Square,www.indeed.com/rc/clk?jk=50245bdb38536efc&fccid=08bfce1064449178&vjs=3
0,Data Scientist,Data+scientist,"Liverpool, NY 13090",Raymour and Flanigan,www.indeed.com/rc/clk?jk=d9c6ec74848661f4&fccid=46fa1d354dcbde3a&vjs=3
0,Data Scientist,Data+scientist,"New York, NY",Structure Tone,www.indeed.com/rc/clk?jk=d300c6a74f321a2f&fccid=630702f2dffc01d0&vjs=3
0,Data Scientist,Data+scientist,"Remote in Staten Island, NY 10301+2 locations",HealthFirst,www.indeed.com/rc/clk?jk=aa350e5e17c5df59&fccid=33b2d0072564c18e&vjs=3
0,Machine Learning Engineer,Data+scientist,"Remote in New York, NY 10014",Runway,www.indeed.com/rc/clk?jk=bbe8a0c349594f92&fccid=09b53c9937eaa1f1&vjs=3
0,Experienced Data Scientist - Global Decision Science (Open t...,Data+scientist,"Remote in New York, NY+6 locations",Amex,www.indeed.com/rc/clk?jk=58a5bed801f1c52e&fccid=f057e04c37cca134&vjs=3
0,Data Scientist,Data+scientist,"Hybrid remote in New York, NY 10036",Gemological Institute of America,www.indeed.com/rc/clk?jk=7e4a6bc95211af16&fccid=d0753f72179ddc47&vjs=3
0,Machine Learning Analyst,Data+scientist,"Hybrid remote in New York, NY",FanDuel,www.indeed.com/rc/clk?jk=e78ea6560305098f&fccid=ada833cd00ae27d8&vjs=3
0,"Business and Marketing Data Scientist, Google Customer Solut...",Data+scientist,"New York, NY (Chelsea area)",Google,www.indeed.com/rc/clk?jk=4a2decbd04f15055&fccid=a5b4499d9e91a5c6&vjs=3
0,DATA SCIENTIST,Data+scientist,"Tarrytown, NY 10591",Montefiore Medical Center,www.indeed.com/rc/clk?jk=418eb03b6ac99db8&fccid=d1e1c9b793a7214a&vjs=3
0,Data Scientist,Data+scientist,"Philadelphia, NY",Macquarie Group Limited,www.indeed.com/rc/clk?jk=2222ecfa7ea02555&fccid=c4fbc8d763b3f3b5&vjs=3
0,Senior Data Scientist,Data+scientist,"New York, NY 10118 (Murray Hill area)","VIZIO, Inc.",www.indeed.com/rc/clk?jk=15cf2660e2596565&fccid=2ac0dbed95f0e3bf&vjs=3
0,Data Engineer,Data+scientist,"New York, NY",UpLadder,www.indeed.com/rc/clk?jk=f3c9b43bf0bd8bd3&fccid=6f0cfeda5e5da0e7&vjs=3
0,Senior Data Scientist (Remote),Data+scientist,"Remote in New York, NY",Curve Health,www.indeed.com/rc/clk?jk=f10a39e4bf35d48a&fccid=9a70490fb724cb36&vjs=3
0,Mathematical Statiscian,Data+scientist,"Remote in New York, NY+2 locations",US Social Security Administration,www.indeed.com/rc/clk?jk=3162ebb4a0fa4918&fccid=c12928b7b7ffd2a6&vjs=3
0,Statistical Assistant,Data+scientist,"Manhattan, NY",UTOFUN,www.indeed.com/rc/clk?jk=0bdb368396ff15c6&fccid=35a12a2dcbef0bd4&vjs=3
0,Junior Consultant in Strategy & Data Science - New York,Data+scientist,"New York, NY+1 location",Ekimetrics,www.indeed.com/rc/clk?jk=03e328c3362e7f0e&fccid=3fb68589a69677e6&vjs=3
0,Junior Consultant in Strategy & Data Science - New York,Data+scientist,"New York, NY+2 locations",Ekimetrics,www.indeed.com/rc/clk?jk=03e328c3362e7f0e&fccid=3fb68589a69677e6&vjs=3
0,Mathematical Statiscian,Data+scientist,"Remote in New York, NY",US Social Security Administration,www.indeed.com/rc/clk?jk=3162ebb4a0fa4918&fccid=c12928b7b7ffd2a6&vjs=3
0,Data Scientist,Data+scientist,"New York, NY",Naka Technologies,www.indeed.com/rc/clk?jk=f42d59bee31eede3&fccid=c85d08a88c59e378&vjs=3
0,Senior Data Scientist,Data+scientist,"New York, NY",Match Group,www.indeed.com/rc/clk?jk=18c62e513e9ceb82&fccid=47feb0effe4ed4f2&vjs=3
0,Products & Tech - PwC Labs Data Scientist Associate Summer/F...,Data+scientist,"Remote in New York, NY+11 locations",PRICE WATERHOUSE COOPERS,www.indeed.com/rc/clk?jk=7ba55825080ec6e0&fccid=5e964c4afc56b180&vjs=3
0,"Curriculum Developer, Data Science",Data+scientist,"Remote in New York, NY 10004",The Flatiron School,www.indeed.com/rc/clk?jk=b933cf10d4b41de4&fccid=f8c525f9829ffb89&vjs=3
0,Senior Data Scientist,Data+scientist,"Remote in New York, NY",SmartAsset,www.indeed.com/rc/clk?jk=b4b0b619992140fc&fccid=94eb61eaf1bf49bc&vjs=3
0,"Environmental Operations Data Scientist, Bureau of Environme...",Data+scientist,"New York, NY 10013 (Chinatown area)+1 location",NYC Careers,www.indeed.com/rc/clk?jk=29507ef89fe25957&fccid=f97367b3ac9546b1&vjs=3
0,Data Engineer - Machine Learning Platform,Data+scientist,"Remote in New York, NY+1 location",FanDuel,www.indeed.com/rc/clk?jk=c92e0383cfd5563f&fccid=ada833cd00ae27d8&vjs=3
0,"Business and Marketing Data Scientist, gTech",Data+scientist,"New York, NY (Chelsea area)+2 locations",Google,www.indeed.com/rc/clk?jk=60909c170d4df53f&fccid=a5b4499d9e91a5c6&vjs=3
0,Machine Learning Success Manager,Data+scientist,"Remote in New York, NY",Snorkel AI,www.indeed.com/rc/clk?jk=7772f2288ac03553&fccid=785200c99e008d78&vjs=3
0,Associate - Data Science and Surveillance Model Review,Data+scientist,"New York, NY 10036 (Midtown area)+1 location",Morgan Stanley,www.indeed.com/rc/clk?jk=3051a7e428261ecc&fccid=0c39fb2c91742dcf&vjs=3
0,Senior Data Scientist,Data+scientist,"Corning, NY 14831",Corning,www.indeed.com/rc/clk?jk=a355341920ac9c16&fccid=fb75933edd65f432&vjs=3
0,Principal Data Scientist,Data+scientist,"New York, NY",Atlassian,www.indeed.com/rc/clk?jk=3512321e1effc563&fccid=e6d4ba9e2cfe7902&vjs=3
0,Principal Applied Machine Learning Engineer (Personalization...,Machine+learning engineer,"Remote in New York, NY 10012+3 locations",Disney Media & Entertainment Distribution,www.indeed.com/pagead/clk?mo=r&ad=-6NYlbfkN0DAFTyt7pbDCC2JPO79CSdi1dIb81yjczP5qsKcZIxgiYm3-7g-689UM0rgypL64cqe_oj2KYsq9y-FcRPf9Lfpwm8Sx3Z68sZ369gtRBGp2FE91ALYFpSKscUMAWKBkKG6mRTIU1Zg7EKV8n7b8Nv7DubKD74kyMIByYVhz5H7dKL651tC8EIGEh6Vwg6kJQJ14uwZVJb7ldu84HWtTkjGaey-0ZsrEgJPZ-4ihrMmICHrHqLiHHlgQWpxgzYnUpGVL-S0oWOEmdLDeUtH2QYyiTqxXWdFATmBqfD9jCIzt0v8tLwzmIg_tHwtpW6x4pBTuN_n_Xy8dgcNSLygrAizYQBHkr5psUO92wOmk4chudh_NkDy-SFNP8v6DSrWd7bJIykAqjzP6nI8eT8WBfyEEz4XOnH0Dckr5HO_jrsKJkF8OV7KNu-G&xkcb=SoCz-_M3amMiDSxvZx0IbzkdCdPP&p=0&fvj=0&vjs=3
0,Machine Learning Engineer,Machine+learning engineer,"Hybrid remote in New York, NY 10006","Ursus, Inc.",www.indeed.com/pagead/clk?mo=r&ad=-6NYlbfkN0CT8vBT9H5mqECx2dfLV_FONLPDKpIRssxVwtj05Tmm4rA5I0VNOPdM1oYsK66ov5qEBnNDcdgAWjLcmkz7LqPff-qVH7rm82GVHn4UtZl7vuc4F9qtCMS9U8cyZSEX6z9lEEK8niDl2szp5oa-dXJlKFusSMTIKlf94QWefyoTE-ROi9slhyBDv-Cw2lSMxWjsnX48kdaigB_jHVJSGe4fYy4yzLvZiyl_kcz7GpP7IEqMl7NnYa8rrY9rtmeGUgwzbUdN2IVCwhcakjXvpg8GmMB7fiWnk7Y0vAgMV4RkTA6yY7Rw43apkIgjp_-4yOR4grAb6wGltCUa8s7PuE3XqEKasVJob8wlQqqbZyZ_rsFOqSaaT31Vipw5ccLhy12Cs8orblE8Juw0NEPDqLre0wA9t3BzJQR0UTMpj5KqnWTgBCrYkRY3LXhBmRm3T5eN8GXqoyVYGvs7vIpPNyyCXipejZ5B5mlVxP-WFY2uVJk2PduPpHy_bP-PA2GdEtkuB4T4Mz6ZK0Sn6XIYttZ0kx_-ld6-qfjNGDpXrt_gZDzLvmpJ3r_0mHkuCdDf_bjEmqChP_9TcssSF80SU8OeDWY1D9mr3eqfSLDVcYZFdPS8H8lXkcMS776a0-LngLTSPnjklrcsRqS22oHWoU3unB0_l26U-BXZBhBk5rmibwzS12SmWD1r56rj_uF3q0Gnus2rLaNmbd2MyQc0C_bzm7kXszqlpWN_79Swl4Nx5tuqlnDbgZp_uSHBOw2-Li6skZkTzSO0AhHgrTSRPMSCtd-HBIpVxcTLApMd1afzcElY9zML3bRxBS5dfqU5Djf1uNj7YjSrJoUhzKw27UTS77hcHDXBEZAx1qEgWccV76EU5FyYWFMqoY9UVFzAMM5m1VfUE4pkM379a_448Q5E_Rqzy0P8SCjeXMMxyGa_5Fnc_i3PQN5uOBWMDcjHkepxvTm7FlDfA1P5ZByJNCSL8m8wA3q8LuoxO5ZsY2jmjYXE_mDlxBBv&xkcb=SoAH-_M3amMiDdRvZx0LbzkdCdPP&p=1&fvj=0&vjs=3
0,Machine Learning Engineer,Machine+learning engineer,"Remote in New York, NY",Kunai,www.indeed.com/rc/clk?jk=0edebfb1d0733a5e&fccid=bd0e8f2c0c156e68&vjs=3
0,Machine Learning Engineer,Machine+learning engineer,"New York, NY+1 location",EliseAI,www.indeed.com/rc/clk?jk=da21b15638ecb388&fccid=dd616958bd9ddc12&vjs=3
0,Senior Machine Learning Engineer,Machine+learning engineer,"New York, NY 10011 (Chelsea area)+3 locations",Peloton,www.indeed.com/rc/clk?jk=a6ed7cb354b50e19&fccid=8899ecbdba2d0a5e&vjs=3
0,Documentation Engineer,Machine+learning engineer,"Remote in New York, NY",Databento,www.indeed.com/rc/clk?jk=c48ed4ee07c487de&fccid=bbf613590105828e&vjs=3
0,AI Engineer,Machine+learning engineer,"New York, NY 10004 (Financial District area)+1 location",Parabolic USA,www.indeed.com/company/Parabolic-USA/jobs/Ai-Engineer-fcaf8ed5e36cf962?fccid=f69d723c99c28ae5&vjs=3
0,"Software Engineer III, Machine Learning, AR",Machine+learning engineer,"New York, NY (Chelsea area)+5 locations",Google,www.indeed.com/rc/clk?jk=40d04ddff21b436a&fccid=a5b4499d9e91a5c6&vjs=3
0,Machine Learning Engineer,Machine+learning engineer,"Remote in New York, NY 10014",Runway,www.indeed.com/rc/clk?jk=bbe8a0c349594f92&fccid=09b53c9937eaa1f1&vjs=3
0,Machine Learning Infrastructure Engineer,Machine+learning engineer,"New York, NY",Schrödinger,www.indeed.com/rc/clk?jk=e0a6da30e2324e47&fccid=8b03edb481500fa4&vjs=3
0,Machine Learning Engineer,Machine+learning engineer,"New York, NY 10005 (Financial District area)",WorkFusion,www.indeed.com/rc/clk?jk=3dc2f5949913c1b7&fccid=b480584f7bee501e&vjs=3
0,Machine Learning Engineer,Machine+learning engineer,"New York, NY 10041 (Financial District area)+4 locations",S&P Global,www.indeed.com/rc/clk?jk=856d557c9017833c&fccid=b716e44d2c6283e7&vjs=3
0,Machine Learning Research Engineer,Machine+learning engineer,"New York, NY",Schrödinger,www.indeed.com/rc/clk?jk=1d20a6fb2bbad87e&fccid=8b03edb481500fa4&vjs=3
0,Machine Learning Engineer,Machine+learning engineer,"New York, NY",Hebbia AI,www.indeed.com/rc/clk?jk=7c006678633ca50b&fccid=dd616958bd9ddc12&vjs=3
0,Senior Applied Machine Learning Engineer,Machine+learning engineer,"New York, NY 10010 (NoMad area)",EvolutionIQ,www.indeed.com/company/EvolutionIQ/jobs/Senior-Applied-Machine-Learning-Engineer-aa7c3ed85910d3d8?fccid=60e712314ac34fd3&vjs=3
0,Machine Learning Engineer,Machine+learning engineer,"New York, NY 10041 (Financial District area)+1 location",S&P Global,www.indeed.com/rc/clk?jk=856d557c9017833c&fccid=b716e44d2c6283e7&vjs=3
0,Machine Learning Engineer,Machine+learning engineer,"New York, NY",Verneek,www.indeed.com/rc/clk?jk=ebcd5b61d212f71b&fccid=6a11e759331766de&vjs=3
0,"Machine Learning Engineer, Personalization",Machine+learning engineer,"New York, NY+7 locations",Spotify,www.indeed.com/rc/clk?jk=dd6990c2cb9126b3&fccid=fe404d18bb9eef1e&vjs=3
0,Staff Machine Learning Engineer,Machine+learning engineer,"Hybrid remote in New York, NY",Butterfly Network,www.indeed.com/rc/clk?jk=539b0e72a5c95ec4&fccid=f34adc12ba09e47f&vjs=3
0,Machine Learning Engineer,Machine+learning engineer,"New York, NY",EXL Services,www.indeed.com/rc/clk?jk=3746194f3d1e0a19&fccid=e3e300fc88f0e813&vjs=3
0,Machine Learning Engineer,Machine+learning engineer,"Remote in New York, NY",Parcl,www.indeed.com/rc/clk?jk=11d75a479b3bab08&fccid=eb499fefa10c5644&vjs=3
0,Sr. Machine Learning Engineer,Machine+learning engineer,"Remote in New York, NY",Disney Streaming,www.indeed.com/rc/clk?jk=11764b65c3daef0b&fccid=40e5de3065c12562&vjs=3
0,Data Engineer - Machine Learning Platform,Machine+learning engineer,"Remote in New York, NY+1 location",FanDuel,www.indeed.com/rc/clk?jk=c92e0383cfd5563f&fccid=ada833cd00ae27d8&vjs=3
0,"Data Scientist/Machine Learning Engineer- New York, NY",Machine+learning engineer,"New York, NY",Bank of America,www.indeed.com/rc/clk?jk=b3cb77146ad96ecf&fccid=5bd99dfa21c8a490&vjs=3
0,Otter AI | NLP Engineer,Machine+learning engineer,"Remote in New York, NY 10002+3 locations",Recruiting From Scratch,www.indeed.com/rc/clk?jk=6c49808691c64d3a&fccid=09e02654c2f26bbd&vjs=3
0,"Software Engineer III, Machine Learning, YouTube",Machine+learning engineer,"Hybrid remote in New York, NY",YouTube,www.indeed.com/rc/clk?jk=df30270a0af789cf&fccid=a9021c35fcef6968&vjs=3
0,Machine Learning Engineer,Machine+learning engineer,"New York, NY+1 location",eBay Inc.,www.indeed.com/rc/clk?jk=a6e0131146adc2c6&fccid=ccf155b8e5eb4bf8&vjs=3
0,Machine Learning Modeling Engineer,Machine+learning engineer,"Corning, NY 14831",Corning,www.indeed.com/rc/clk?jk=520d69d3e679490c&fccid=fb75933edd65f432&vjs=3
0,Senior Machine Learning Engineer,Machine+learning engineer,"Remote in New York, NY 10014",Squarespace,www.indeed.com/rc/clk?jk=68e3e032b2afeb28&fccid=10c1f2532daaed15&vjs=3
0,Backend Engineer (All Levels),Machine+learning engineer,"New York, NY 10011 (Chelsea area)",Current,www.indeed.com/rc/clk?jk=9460a12771d7d9b3&fccid=384e0959abbf337a&vjs=3
0,QA Engineer,Machine+learning engineer,"Remote in New York, NY",Databento,www.indeed.com/rc/clk?jk=74869b24adbf3b2e&fccid=bbf613590105828e&vjs=3
0,"Data Engineer - Purchase, NY",Machine+learning engineer,"Purchase, NY+1 location",PepsiCo,www.indeed.com/company/PepsiCo/jobs/Data-Engineer-951c057205841b9b?fccid=7ccab2fa064acd3a&vjs=3
0,Senior Machine Learning Engineer (Consumer Products),Machine+learning engineer,"Remote in New York, NY",Reddit,www.indeed.com/rc/clk?jk=32167434ffd26119&fccid=e7c7bace894a9291&vjs=3
0,Machine Learning Success Manager,Machine+learning engineer,"Remote in New York, NY",Snorkel AI,www.indeed.com/rc/clk?jk=7772f2288ac03553&fccid=785200c99e008d78&vjs=3
0,Staff Machine Learning Engineer - Personalization,Machine+learning engineer,"Remote in New York, NY+1 location",Cash App,www.indeed.com/rc/clk?jk=6ed346e966211928&fccid=23ddedaf27ad006f&vjs=3
0,Machine Learning Engineer,Machine+learning engineer,"New York, NY","JPMorgan Chase Bank, N.A.",www.indeed.com/rc/clk?jk=d2dcea316d72158f&fccid=aaf3b433897ea465&vjs=3
0,Full Stack Engineer,Machine+learning engineer,"Remote in New York, NY 10011",Peloton,www.indeed.com/rc/clk?jk=f398a3a8f77f3ce1&fccid=8899ecbdba2d0a5e&vjs=3
0,Senior Python Backend Engineer,Machine+learning engineer,"Remote in New York, NY",EvolutionIQ,www.indeed.com/rc/clk?jk=9e039e9f9f0f02a7&fccid=cfbc2963963231b6&vjs=3
0,Sr Machine Learning Engineer,Machine+learning engineer,"New York, NY 10018 (Clinton area)",FreeWheel,www.indeed.com/rc/clk?jk=52c71c7074515bbd&fccid=479c75c627f8dd06&vjs=3
0,Senior Python Engineer,Machine+learning engineer,"Remote in New York, NY 10003",Ayasdi,www.indeed.com/rc/clk?jk=62e35cb4e2398fc1&fccid=64cffe395a99ee45&vjs=3
0,Applied Machine Learning Scientist,Machine+learning engineer,"New York, NY 10019 (Midtown area)+1 location",Penguin Random House LLC,www.indeed.com/rc/clk?jk=106dff58d9714c92&fccid=2e55c073eaa56262&vjs=3
0,Machine Learning Engineer (Open from Asst to Director-Level)...,Machine+learning engineer,"Remote in New York, NY",Moody's Investors Service,www.indeed.com/rc/clk?jk=d91e9880956dbecc&fccid=28eefc5b86560831&vjs=3
0,"Staff Software Engineer I, Machine Learning Systems",Machine+learning engineer,"Remote in Brooklyn, NY 11201+1 location",Etsy,www.indeed.com/rc/clk?jk=adaf8ea1b084178f&fccid=9ecb91618c39a24f&vjs=3
0,Machine Learning Engineer (Open from Asst to Director-Level)...,Machine+learning engineer,"New York, NY",ZM Financial Systems,www.indeed.com/rc/clk?jk=c3181f4c53a7ddef&fccid=7e9f8411cc2b1ce8&vjs=3
0,DevOps Engineer,Machine+learning engineer,"Remote in New York, NY",Nautilus Labs,www.indeed.com/rc/clk?jk=181f0df27dda2097&fccid=fcf358f3bd84e30a&vjs=3
0,Frontend Engineer,Machine+learning engineer,"Remote in New York, NY",Arthur AI,www.indeed.com/rc/clk?jk=1c8b057ddaf5a170&fccid=d0cceea77ace1adc&vjs=3
0,Engineering- Data Science and Machine Learning- Senior Machi...,Machine+learning engineer,"New York, NY 10282 (Battery Park area)",Goldman Sachs,www.indeed.com/rc/clk?jk=34373408eae8b2d9&fccid=16a97ed26c75bf2d&vjs=3
0,"Machine Learning Engineer, SageMaker JumpStart Science",Machine+learning engineer,"New York, NY+12 locations","Amazon Dev Center U.S., Inc.",www.indeed.com/rc/clk?jk=1a76cb07b87e6612&fccid=fe2d21eef233e94a&vjs=3
0,"Senior Backend Engineer, Machine Learning Platform",Machine+learning engineer,"Remote in New York, NY+3 locations",Spotify,www.indeed.com/rc/clk?jk=1d69cc17698ca89d&fccid=fe404d18bb9eef1e&vjs=3
0,"Senior Software Engineer II, Machine Learning, Ad Ranking",Machine+learning engineer,"Remote in Brooklyn, NY 11201+3 locations",Etsy,www.indeed.com/rc/clk?jk=817a583b93e33595&fccid=9ecb91618c39a24f&vjs=3
0,Machine Learning Engineer,Machine+learning engineer,"Remote in New York, NY",RADAR,www.indeed.com/rc/clk?jk=4b461453a7ea4d63&fccid=2a7e781bc550f47d&vjs=3
0,Senior Software Engineer (Machine Learning),Machine+learning engineer,"Remote in New York, NY 10001",Celonis SE,www.indeed.com/rc/clk?jk=e59b4f31a5c342ea&fccid=e4a5e7f93e374233&vjs=3
0,AMER: Staff Machine Learning Engineer - Semantic Search,Machine+learning engineer,"Remote in New York, NY",Algolia,www.indeed.com/rc/clk?jk=54c41dd5f3902fae&fccid=f4247d08d19aeca1&vjs=3
0,"Machine Learning Solutions Engineer, Google Cloud Learning S...",Machine+learning engineer,"New York, NY (Chelsea area)",Google,www.indeed.com/rc/clk?jk=42c25f4d28fba7c1&fccid=a5b4499d9e91a5c6&vjs=3
0,NLP Engineer,Machine+learning engineer,"New York, NY",Rogo,www.indeed.com/rc/clk?jk=620362affb8d76a2&fccid=2771d1fb581b4b5a&vjs=3
0,"Director of Engineering, Machine Learning",Machine+learning engineer,"Remote in New York, NY",SourceScrub,www.indeed.com/rc/clk?jk=f667753fad193378&fccid=5721c06f24fc9594&vjs=3
0,"Principal Software Engineer, Machine Learning",Machine+learning engineer,"Remote in New York, NY","Employment Opportunities at BuzzFeed, Inc.",www.indeed.com/rc/clk?jk=5688b1b79d8c16d1&fccid=b102625070cdb638&vjs=3
0,Talent Acquisition Partner - Machine Learning - New York,Machine+learning engineer,"New York, NY 10017 (Midtown area)",TikTok,www.indeed.com/rc/clk?jk=011b5bb7946244ad&fccid=caed318a9335aac0&vjs=3
0,Machine Learning Engineer - Marketplace Pricing & Incentives,Machine+learning engineer,"New York, NY 10007 (Financial District area)+3 locations",Uber,www.indeed.com/pagead/clk?mo=r&ad=-6NYlbfkN0AVIi8UxprrPGU7QPohOxOOpynq0pcPnEidcD-eE3H2Sjj4_Pku15tMmP7NP-uADjoucS6-RRVCeuS370jkvzPNtwaYEscUpxbgWQ1hp5nU-yuHw_cxo5WcpKpy2CZyFei0ln6gP78jRYL_Ex7UY046Gxd2kq4lVXE7yzV1e0DpUe9A1KmrHBej1rWdQD_y7_IOOVDHKic_wptEgPIcLTAseYYnkzeTSVIRa1zTTMmqyPqGDQ4-OTFdqxCgmqsvgGxWVHvprk18WxVP0LcjAdGD6TIwl5f4U_FwUWozNbT47b9DskaHt9aqxJU4S7aqZOEjM4bzRoyBTitlg6xZfz8iZrjAXVnc1k7Kdd6N9fjKc9ghy1YmtSPMiwftuUEEIW2K5clg-nBRwPHkSbnktZcsnhDCTAxEsVQDVN6qsbwKtlBt4iJXvf7dHWFpYtPQ3P9_KLduTZTQWJIaZTJLT_BvZ3aOSm2mQuweu1zOwzLQHKDD7ecpAK4Z70_pcPY7WCl61BcyHpx-Y5E7AGGAHWk8wg6sOOJAvHmPPE6QEXqVn4aZPkt4hDmohEBg_lAjJKrgMW2_Ab1bVC3-pqT8pW_BTxjae79EiYREGGXKShrmo7viPz6HQwGYe-IXPrjbt44Yr-gHK_3UZDRUNNO7Gd27eJjwIkKR4ahrG30k-FxZ9ngvoagR-SeOuXW-tAeT4JFZcgL1QuzYuTEaLqlxQ0sMU9aJb5XnHv5y2p_9XtKEtl7xyzgiFN_pLZJ2t8zwgfr4PsSDygZDzDm08kufiKxcCyvYjSFF2qx1DL07_4ypH0CwIkRLpdkyHOh183_mHOxWoQGGEB81e0d3J9f11R78TkhhgCCWWUt7pXhFLUYJW33_VfJvJ0tA0Q7wQguoy5jOs7ALb5ZmcLvfPCTs37E2nVNjaS94oGwW60eipzVUbfMYET44TbFvq4D-sSBJgLlQz_NotLKil9WJU0n15gl2nC7m28KYGrp0U64UliT_XYjg1GRGTWB8KVA0fpqR0rbZCSkrFxJknQp1RLzV646Ck6G1O6F33fZNq1yxOsMxfNqlhNI5c0aZSYwk7jlbQbJt421S6hKBQyWS-BmSabyE&xkcb=SoAy-_M3amMhowA08L0LbzkdCdPP&p=0&fvj=0&vjs=3
0,NLP Machine Learning Engineer-Sports,Machine+learning engineer,"New York, NY",Apple,www.indeed.com/rc/clk?jk=8cadb3d8497cab94&fccid=c1099851e9794854&vjs=3
0,NLP Engineer,Machine+learning engineer,"New York, NY+1 location",Rogo,www.indeed.com/rc/clk?jk=620362affb8d76a2&fccid=2771d1fb581b4b5a&vjs=3
0,"Principal Software Engineer, Machine Learning",Machine+learning engineer,"Remote in New York, NY+1 location","Employment Opportunities at BuzzFeed, Inc.",www.indeed.com/rc/clk?jk=5688b1b79d8c16d1&fccid=b102625070cdb638&vjs=3
0,Machine Learning Sr. Engineer,Machine+learning engineer,"New York, NY+1 location",Conde Nast,www.indeed.com/rc/clk?jk=58c309831ecefa51&fccid=7ca1385998532a85&vjs=3
0,Software Engineer,Machine+learning engineer,"New York, NY 10014 (SoHo area)+1 location",Ploomber,www.indeed.com/company/Ploomber/jobs/Software-Engineer-a6bacfe7b84f0aa4?fccid=ba84d5dcd621a38d&vjs=3
0,Entry Level Supply Chain Engineer: 2023,Machine+learning engineer,"Poughkeepsie, NY 12601",IBM,www.indeed.com/rc/clk?jk=80bb0c090627585b&fccid=de71a49b535e21cb&vjs=3
0,Front-End Engineer,Machine+learning engineer,"Remote in New York, NY",Sama,www.indeed.com/rc/clk?jk=027cdbf021ce01ca&fccid=0023503ae47c60f2&vjs=3
0,Principal Site Reliability Engineer,Machine+learning engineer,"Remote in Brooklyn, NY",Altana AI,www.indeed.com/rc/clk?jk=07b9a6188d080578&fccid=75d4d948cc21894d&vjs=3
0,Product Manager - Web Application,Machine+learning engineer,"Remote in New York, NY",Ordergroove,www.indeed.com/company/Ordergroove/jobs/Product-Manager-c3bdc14777f528b0?fccid=f5ad1f71dfafd7e6&vjs=3
0,"Staff Software Engineer, Liquidity",Machine+learning engineer,"Remote in New York, NY+3 locations",Ripple,www.indeed.com/rc/clk?jk=52ee34b1acbe9eec&fccid=5831e1f260dfbb85&vjs=3
0,Backend Engineer (AI Startup),Machine+learning engineer,"Remote in Brooklyn, NY 11201+3 locations",Recruiting From Scratch,www.indeed.com/rc/clk?jk=3817fe96260af21d&fccid=09e02654c2f26bbd&vjs=3
0,"VP, Product Management, NYC",Machine+learning engineer,"New York, NY 10282 (Battery Park area)",Goldman Sachs,www.indeed.com/rc/clk?jk=2d09fc230a9fdbe8&fccid=16a97ed26c75bf2d&vjs=3
0,Principal Software Engineer,Machine+learning engineer,"Remote in New York, NY 10007",Jahnel Group,www.indeed.com/rc/clk?jk=aae34e7a2e6c7be9&fccid=a3bc211ea2ee8e66&vjs=3
0,Data Engineer,Machine+learning engineer,"New York, NY",UpLadder,www.indeed.com/rc/clk?jk=f3c9b43bf0bd8bd3&fccid=6f0cfeda5e5da0e7&vjs=3
0,Backend Engineer - Python (Remote),Machine+learning engineer,"Remote in New York, NY 10036",Paramount,www.indeed.com/rc/clk?jk=130aee39c23cbdbd&fccid=30cb52ad6dd37131&vjs=3
0,NLP Engineer,Machine+learning engineer,"Hybrid remote in New York, NY",Accrete,www.indeed.com/rc/clk?jk=f3810ca53341bcee&fccid=4fbd640952b76898&vjs=3
0,IT Engineer,Machine+learning engineer,"New York, NY",Tractable,www.indeed.com/rc/clk?jk=b0ac4df89fdf5981&fccid=48b6e7ffc8bdb891&vjs=3
0,Software Engineer,Machine+learning engineer,"Remote in New York, NY",Vantage,www.indeed.com/rc/clk?jk=1a8fc4a7ea634448&fccid=8e1c98cfd1fe55ea&vjs=3
0,Assistant Vice President – Machine Learning Engineer,Machine+learning engineer,"New York, NY",BNP Paribas,www.indeed.com/rc/clk?jk=9c1d69deccea5660&fccid=1392500f835bba92&vjs=3
0,Data Scientist,Machine+learning engineer,"New York, NY 10004 (Financial District area)",Parabolic USA,www.indeed.com/company/Parabolic-USA/jobs/Data-Scientist-3cd968f21044b2ba?fccid=f69d723c99c28ae5&vjs=3
0,Machine Learning Researcher,Machine+learning engineer,"New York, NY 10005 (Financial District area)",Hudson River Trading,www.indeed.com/rc/clk?jk=59ddeb0a8328f438&fccid=01b91641951e8886&vjs=3
0,Data Engineer (Remote),Machine+learning engineer,"Remote in New York, NY",Jun Group,www.indeed.com/rc/clk?jk=9594589746899768&fccid=1dd37b4fa1c953a9&vjs=3
0,ML Solutions Engineer,Machine+learning engineer,"Remote in New York, NY",Comet.ml,www.indeed.com/rc/clk?jk=aaae981f904e9245&fccid=656e645f6fb74979&vjs=3
0,Data Scientist,Machine+learning engineer,"Remote in Brooklyn, NY+1 location",Altana AI,www.indeed.com/rc/clk?jk=aa5ba42f427a4c35&fccid=75d4d948cc21894d&vjs=3
0,Data Engineer,Machine+learning engineer,"New York, NY 10006 (Financial District area)",Aretove Technologies,www.indeed.com/company/Aretove-Technologies/jobs/Data-Engineer-0daa59d67d072a6c?fccid=a08d5ef38e4ca005&vjs=3
0,Precision Finishing Engineer,Machine+learning engineer,"Corning, NY 14831",Corning,www.indeed.com/rc/clk?jk=94b188d2aa335423&fccid=fb75933edd65f432&vjs=3
0,Machine Learning Engineer,Machine+learning engineer,"New York, NY",FactSet Research Systems,www.indeed.com/rc/clk?jk=f2a05228349e9135&fccid=7ca19d158e5b580d&vjs=3
0,Senior Backend Engineer,Machine+learning engineer,"Remote in New York, NY",HealthRhythms,www.indeed.com/rc/clk?jk=4891870063239ec7&fccid=63207fc0e3436ab8&vjs=3
0,Data Analytics Engineer,Machine+learning engineer,New York State,Navisite,www.indeed.com/rc/clk?jk=e4b21c50f7a092d7&fccid=89597dabda1d5751&vjs=3
0,Research Engineer,Machine+learning engineer,"New York, NY",Samsung Research America,www.indeed.com/rc/clk?jk=2cddf6572f31fa20&fccid=f98eb70205204fcf&vjs=3
0,Machine Learning - Speech,Machine+learning engineer,"Spring Valley, NY 10977",treeleaf.ai,www.indeed.com/rc/clk?jk=9591c848ce57399d&fccid=c4e5eba52d49b54e&vjs=3
0,Back-End / Data Engineer,Machine+learning engineer,"New York, NY",Arthur ArtData LLC,www.indeed.com/rc/clk?jk=73459a1c4a8976f9&fccid=dd616958bd9ddc12&vjs=3
0,R & D Engineer,Machine+learning engineer,"New York, NY",Amelia,www.indeed.com/rc/clk?jk=774b61afc955bf06&fccid=b8dd6b24b1912f33&vjs=3
0,Principal Software Engineer,Machine+learning engineer,"Remote in New York, NY",-Social Native-,www.indeed.com/rc/clk?jk=7dc81abe9f033f42&fccid=261b1c9bf7d7454e&vjs=3
0,"Senior Machine Learning Engineer, NY",Machine+learning engineer,"New York, NY",Fitch Group,www.indeed.com/rc/clk?jk=ec874135c433fd6d&fccid=bf74a6484e835a99&vjs=3
0,"Applied Machine Learning Manager, Search Ranking",Machine+learning engineer,"Remote in Brooklyn, NY 11201",Etsy,www.indeed.com/rc/clk?jk=c84768b82432b202&fccid=9ecb91618c39a24f&vjs=3
0,Software Engineer (JupyterLab/Python/Integrations),Machine+learning engineer,"Remote in New York, NY 10018",Pachyderm,www.indeed.com/rc/clk?jk=ed4dc446ac32a10b&fccid=af81a62f2fd4b6a4&vjs=3
0,IBM Quantum Entry Level Hardware Developer 2023,Machine+learning engineer,"Yorktown Heights, NY",IBM,www.indeed.com/rc/clk?jk=c065339cd5c940d2&fccid=de71a49b535e21cb&vjs=3
0,Data Engineer Level 1 - DE22-0330444400,Machine+learning engineer,"Remote in New York, NY","Evergreen Technologies, LLC.",www.indeed.com/rc/clk?jk=040ca94e142070cd&fccid=506bdb7ba382e227&vjs=3
0,Solutions Engineer US (Frontend Specialist),Machine+learning engineer,"New York, NY 10010 (Flatiron area)+1 location",Squirro,www.indeed.com/rc/clk?jk=97d87a9c50cc0915&fccid=ae28cbe8f16a669d&vjs=3
0,"Software Development Engineer, Pathfinder",Machine+learning engineer,"New York, NY+75 locations",Amazon.com Services LLC,www.indeed.com/rc/clk?jk=1eabbbff3f80ab82&fccid=fe2d21eef233e94a&vjs=3
0,Machine Learning Engineer,Machine+learning engineer,"Hybrid remote in New York, NY",Transatlantic Reinsurance Co.,www.indeed.com/rc/clk?jk=0d32e20f6da2d14f&fccid=0f75662b3e1444a9&vjs=3
0,Data Engineer,Machine+learning engineer,"New York, NY 10013 (SoHo area)",Entera,www.indeed.com/rc/clk?jk=fb17bd2fab70a7d8&fccid=c8e07f37dc242ad2&vjs=3
0,"Senior Scientific Researcher, Structural and Computational B...",Machine+learning engineer,"Remote in New York, NY",Genentech,www.indeed.com/rc/clk?jk=a589313f754e090d&fccid=2525cc4a9a704809&vjs=3
0,Senior Data Engineer,Machine+learning engineer,"Remote in Brooklyn, NY+1 location",StrongArm Technologies,www.indeed.com/rc/clk?jk=5e32d89994426bdc&fccid=0ec0c1548a2fca68&vjs=3
0,Full Stack Engineer - Founding Team,Machine+learning engineer,"New York, NY",Breadboard,www.indeed.com/rc/clk?jk=9c052e488020ce44&fccid=0de4ba072a683168&vjs=3
0,Machine Learning Engineer (MRI-Simmons),Machine+learning engineer,"Hybrid remote in New York, NY 10011",GfK,www.indeed.com/rc/clk?jk=584858d07cf0ca15&fccid=941c4fb004be80b8&vjs=3
0,Front End Engineer,Machine+learning engineer,"New York, NY",Rogo,www.indeed.com/rc/clk?jk=2728d46e3493f57e&fccid=2771d1fb581b4b5a&vjs=3
0,"Software Engineer, Data/Web",Machine+learning engineer,"Remote in New York, NY",Pearl Health,www.indeed.com/rc/clk?jk=73d9fcc7b38e8d68&fccid=55d47cada70a3a33&vjs=3
0,Machine Learning Engineer (Recommendation System),Machine+learning engineer,"Remote in New York, NY 10038",Twill,www.indeed.com/rc/clk?jk=5d581dbcee9b0f92&fccid=f60ee8e329949fc5&vjs=3
0,Data Analyst,Machine+learning engineer,"Remote in New York, NY 10013",Entera,www.indeed.com/rc/clk?jk=7cf6f539fb624b62&fccid=c8e07f37dc242ad2&vjs=3
0,"Research Engineer, Text-to-Speech and Evaluation",Machine+learning engineer,"New York, NY (Chelsea area)",Google,www.indeed.com/rc/clk?jk=5570f58dadaa66fb&fccid=a5b4499d9e91a5c6&vjs=3
0,2023 Software Engineer Program - Full-Time Opportunity,Machine+learning engineer,"New York, NY+2 locations","JPMorgan Chase Bank, N.A.",www.indeed.com/rc/clk?jk=78a4ba70b2d14d97&fccid=aaf3b433897ea465&vjs=3
0,Principal Software Engineer,Machine+learning engineer,"New York, NY+1 location",Disney Media & Entertainment Distribution,www.indeed.com/rc/clk?jk=d6f43530a66ae46e&fccid=c3092a91bcb42ca9&vjs=3
0,Sr. Precision Engineer,Machine+learning engineer,"Corning, NY 14831+1 location",Corning,www.indeed.com/rc/clk?jk=ab9f213f15e776dd&fccid=fb75933edd65f432&vjs=3
0,Data Scientist,Machine+learning engineer,"Hybrid remote in New York, NY",Reach Financial,www.indeed.com/rc/clk?jk=09f69ab4a5bdc187&fccid=b323682183d216f6&vjs=3
0,"Sr. Sales Specialist, Database",Machine+learning engineer,"New York, NY","Amazon Web Services, Inc.",www.indeed.com/rc/clk?jk=51d2204968d753a8&fccid=5cc0cdc6dbb121cc&vjs=3
0,Infrastructure Engineer,Machine+learning engineer,"Remote in New York, NY",Cape Privacy,www.indeed.com/rc/clk?jk=ee2ca5b64d647235&fccid=dc59afbfe7535697&vjs=3
0,Artificial Intelligence Engineer,Machine+learning engineer,"New York, NY 10017 (Tudor City area)",Empire State,www.indeed.com/rc/clk?jk=d7df1892cf279ae3&fccid=0df7a5298a712241&vjs=3
0,"Software Engineer, Backend",Machine+learning engineer,"Remote in New York, NY 10002",FATHOM,www.indeed.com/rc/clk?jk=8fdb65aa5a2f7e1a&fccid=292ac9c0130b47e0&vjs=3
0,Business Analyst,Machine+learning engineer,"New York, NY","Amazon Web Services, Inc.",www.indeed.com/rc/clk?jk=68ffc2943acfb2f9&fccid=5cc0cdc6dbb121cc&vjs=3
0,Machine Learning Engineer - North American Integrated Analyt...,Machine+learning engineer,"New York, NY+1 location",Munich Re,www.indeed.com/rc/clk?jk=728cfe15689234e4&fccid=d4448c192a012f32&vjs=3
0,Engineering Strat - Associate/VP - GCEM (Global Currency and...,Machine+learning engineer,"New York, NY 10282 (Battery Park area)",Goldman Sachs,www.indeed.com/rc/clk?jk=d99d8fd20f062611&fccid=16a97ed26c75bf2d&vjs=3
0,Front-End Engineer - AWS CloudFormation,Machine+learning engineer,"New York, NY+5 locations","Amazon Dev Center U.S., Inc.",www.indeed.com/rc/clk?jk=046e71ccda059c42&fccid=fe2d21eef233e94a&vjs=3
0,"Senior Product Manager, Data Science & Machine Learning",Machine+learning engineer,"Remote in New York, NY",Index Exchange,www.indeed.com/rc/clk?jk=61bc995be406a85b&fccid=041c6d99171d1471&vjs=3
0,Control Systems Engineer,Machine+learning engineer,"Bohemia, NY 11716",Innoveering LLC,"www.indeed.com/company/Innoveering,-LLC/jobs/Control-System-Engineer-4ad400384d72f856?fccid=1ce0a0a058fbb260&vjs=3"
0,Sr. Data Engineer,Machine+learning engineer,"New York, NY+8 locations",Amazon.com Services LLC,www.indeed.com/rc/clk?jk=673f3682020a5e29&fccid=fe2d21eef233e94a&vjs=3
0,Controllers-NEW YORK-Vice President-Quantitative Engineering,Machine+learning engineer,"New York, NY 10282 (Battery Park area)",Goldman Sachs,www.indeed.com/rc/clk?jk=c915d060394c90f9&fccid=16a97ed26c75bf2d&vjs=3
0,Global Technology Analyst Program - 2023,Machine+learning engineer,"New York, NY",Bank of America,www.indeed.com/rc/clk?jk=989a7f812cc2faa2&fccid=5bd99dfa21c8a490&vjs=3
0,Senior Applied Scientist,Machine+learning engineer,"New York, NY 10011 (Chelsea area)",Twitch,www.indeed.com/rc/clk?jk=155748b2aa491536&fccid=e21f6affbb4bb0b2&vjs=3
0,Knowledge Engineer/Scientific Application Analyst,Machine+learning engineer,"Corning, NY 14831",Corning,www.indeed.com/rc/clk?jk=6768bcd1de7fb422&fccid=fb75933edd65f432&vjs=3
0,Data Engineer II,Machine+learning engineer,"Remote in New York, NY",Tinuiti - 2,www.indeed.com/rc/clk?jk=3137acdd724f0d47&fccid=95b57c1a0b549898&vjs=3
0,Staff Software Engineer,Machine+learning engineer,"Remote in New York, NY",Simon Data,www.indeed.com/company/Simon-Data/jobs/Staff-Software-Engineer-126001a8b916dd0b?fccid=e5beef578c47da84&vjs=3
0,"Lead Engineer, AI ML Delivery - Remote",Machine+learning engineer,"Remote in New York, NY",Icertis,www.indeed.com/rc/clk?jk=fba0c1e1391ad2d6&fccid=dfd806b233bf9196&vjs=3
0,Machine Learning Engineer,Machine+learning engineer,"Remote in New York, NY",WW International,www.indeed.com/rc/clk?jk=26a63f674aac84f0&fccid=dd616958bd9ddc12&vjs=3
0,Senior Machine Learning Engineer,Machine+learning engineer,"New York, NY",CVS Health,www.indeed.com/rc/clk?jk=b486a5232801406f&fccid=be3b11aa573faee7&vjs=3
0,Software Development Engineer,Machine+learning engineer,"New York, NY",Adobe,www.indeed.com/rc/clk?jk=9fa4e86d95c215bd&fccid=f89deb5a97c7738a&vjs=3
0,Senior DevOps Engineer - Machine Learning (Open From Asst Di...,Machine+learning engineer,"Remote in New York, NY 10007",Moody's,www.indeed.com/rc/clk?jk=1870c4cdaef119c9&fccid=28eefc5b86560831&vjs=3
0,"Staff Software Engineer, SaaS",Machine+learning engineer,"Remote in New York, NY",Instabase,www.indeed.com/rc/clk?jk=e9b013a3e49966b3&fccid=84c0b67f3d42d75f&vjs=3
0,"Senior Product Manager, Machine Learning",Machine+learning engineer,"New York, NY 10019 (Midtown area)",MongoDB,www.indeed.com/rc/clk?jk=bae00ba3282fe2a0&fccid=5c80575a010bbc63&vjs=3
0,Data Analyst,Data+analyst,"New York, NY 11201 (Downtown area)",Goodwill Industries Of Greater New York,www.indeed.com/pagead/clk?mo=r&ad=-6NYlbfkN0BPSU_eBfc0mE2e2H8thZhdIWgU2UFNWcX99m-jivhpqmoQR9m6gErY-PbReYTBinN_Kl6b4YVoQ_eYInNw0ZaCqirw_RucssqydJgJ26V9SaPdyjc5ANp8tePkDEhLWQCRmIhK-zdDCrY1j3KCZSaojSDHv72u1lrg_trEmLSnHJ9ps9SkVitZLDsWMvGv1VFshvyHSBUGKw1kuhOXTQZy6e4keFxWw7r27tI27kr0OtKCEa2d8d01CetVS9z7igsVHBCMr7YjSOxkcX68lYYbiYmoO5gt2dSlCBU85uYtcub5M0Qzcr_iG4qIGsZUblCu5ft--MKacmKRt7iAoDB_Fum-sLgFX9q9vxxaeu52zdC8oVXEN3X0W3eetCwTN6lkRSgIAg_40VUqxjMNnV5BQvBqfWVcumhfyrGvGojs1w7MD0VDcbfO_1VjUbm8OHNrx-GFUKq_8o6rxgNuEux1UQ04Y05_oUSuqpGn86pZo1SPgYOo8E26BTmtbm6HlEV5WycVCORcR_xEHL-SoUTkt4FJzBw-J2O9ubIWpQ2yKWmJSWwcHgdGL5V5bpLRb3wXM25dV7NayKupHCimuA3dUdn_cG4RpDXOQu74hyfrOsVXIUCnn6sMUSLnTq9CrjbSF-rcFjrGp6Gd-kE0wDKj-DgmGGAy8aMIiArdpZ6ZY9finB0-X0NqnYCTCWBA9henr7cq97GOSG930ZMyx-B-PIv_mwQ-5o8DjSKwSCfkeA==&xkcb=SoC3-_M3amMgoYXIz50LbzkdCdPP&p=0&fvj=0&vjs=3
0,Data Analyst- Digital Marketing and Advertising Company,Data+analyst,"New York, NY",Vaco,www.indeed.com/pagead/clk?mo=r&ad=-6NYlbfkN0D_sybMACCpf9B-677oK5j6rPldVB6BlrVvFjO_o-GJZbzuF-qh4PxErFUqfUsv_6tMSH55DBRdI72aNjut1eUY0L2eKkXMfylA10SH1gcfYllpHwLzqT8KTU2aAQVXqyCRl_-JxeRLrxPqIue35gaeAmwCL5KVfBxJ1qTgga7acfTEho8B_vZrS5_tzx8QgEgxbQd8CVk1E3soE9Hou2ZOLS7dg9eV36TcffChYF2jLXLWnjeMT9RU5xiMWiXU-MjUTn2u6FRoIQcg5U8kUoPQxvu-cjXFpzk_9R15e7vW2K1F_NALJ17uM5CWWJcjyTeYdrZUuijru0ceQVOPT3cifM7FQL9rIUbKMS9TNwLfBEITBMOvGREcR1gTCZR6gnXywg7b4O_ITcKyFVdMuNa_B6hkrgknZGKYc2rgBzoubd1gkWYwOQjK9dxPBeo5hOV1X-W4pvz8lbDcCjbxRuel0Hiof6QMpLVUdIW_BQmtenyMqC-JyhxvMBitAyBko_HggEMc9kc30w==&xkcb=SoAD-_M3amMgoYXIz50KbzkdCdPP&p=1&fvj=0&vjs=3
0,Business Data Analyst,Data+analyst,"New York, NY 10036 (Midtown area)",Noor Staffing Group,www.indeed.com/pagead/clk?mo=r&ad=-6NYlbfkN0CM_eTyMiR75OVm4uzDVhyUn96FPp4qQSKSFh4dZmzy0I4jh68eneUdFp8S3_6BGluP9SxwmUC7GGu8Wu1cJR_1FHO8FdR_T1eEQAcsE50A1m22I7BE2GWnlx4HmwYfW13Jg7NvZyVdXMvpywImZMidaeTqe33fMo9taqOjerGGClArDrQn846Niob90b0A_x9DSnqOTtpR0s_xeRTAPi8_RDUdsYTW4vvAzovkBLLGTYfTM_lHwcIhqhoplpCeQy80XSbXEDWYLqafDqwW3VYk2zBmwMJ7i6xV8l4PUiBqlMQb0X639ex8PDzDU054hk2XD7Cs3WlMqWU1mqonvKcMbdRgoEaN7-animmLQF9BPUgYJ5uZLX3-uDqc0BrewqYI12_dWaHRyY2kNkoAOEcKbvH7dSgX4qwD448VHKevHsa0-ImlJKzJlaoCVYL1-YSn4szdLGKYpCFcM9FyyJ9v_yRoVn0J5Ew3vvUiQ4AJj_rx6Vet2cpe&xkcb=SoCe-_M3amMgoYXIz50JbzkdCdPP&p=2&fvj=1&vjs=3
0,Jr. Data Analyst,Data+analyst,"Hybrid remote in Oriskany, NY 13424",Unity Systems,www.indeed.com/company/UNITY-Systems/jobs/Junior-Data-Analyst-e265a2bafb2c5ade?fccid=996940351562cd39&vjs=3
0,HR Data Analyst,Data+analyst,"New York, NY",DISYS - Digital Intelligence Systems,www.indeed.com/pagead/clk?mo=r&ad=-6NYlbfkN0BTYkY06FZEdAAtNWO-eDAfNklmfZymsMF6eFRONl7rAMN5x_2sHrqXfWPo9rHDxSNOeBvGjpmZdWyIr-GqPtcX36U4ghIjIlMF655cnbZXV8mkcQl93U1DffnsJ-GvVgfOrVc0e6tYAThmBYk8Nn-7aWRE6xDfbNsD13qLWsTU-A6wKovUmLZ9I5J4RWooUdN6lQNp2rT7zBiMEpii0cEBqrXiNq9AAIXluxTH5rN3TARe3tt6gbK1s6FPgcwrUpoThhKozgMca4IoSA9vpTXU-PO0pqqbHg8jeKiZFWuPb9Qp9AWugrq1ciKJemZFR2pE2OwjNi4p3omppyQPCMqJ7EsACzv5ry7unJRNfhxz_lWsC3joKKJ9P1GPs19ANiC1L8Mlb6tCFgkQUziP9h8nIsllvGjRznbwYq8oRR5RsQ8WxrG9CDiD67uflz3KpdER8Tx6LjywxQR9w_FceGWGe4Qrqy6joIz5CuVwaaY9RJ8ZY-S6BnM2&xkcb=SoCk-_M3amMgoYXIz50PbzkdCdPP&p=4&fvj=1&vjs=3
0,Data Analyst,Data+analyst,"Remote in New York, NY",Jetty,www.indeed.com/rc/clk?jk=ceba73d21374e9fc&fccid=b8be257638d7b148&vjs=3
0,Reference Data Analyst,Data+analyst,"New York, NY",Lyneer Staffing Solutions,www.indeed.com/pagead/clk?mo=r&ad=-6NYlbfkN0CzpSMMmL9bcygq0luKaL-YXOvtmpbnoTra_K94KogUjNeHNwrau7WjJv6TAyr81mrY1drUNDgTLlodbX-FC8wuRiOgzh0CAnf00VjuD_dBRmg7BJYZF9WCAfzF-y2P2f4Io_4gLE4MPKpUyjKzxQ8AwPJE91BOgvUtFMhzkFPkHKSDiB31sZLznb1cB1VNcikzE18ytZLfL5sx3fDnEqks7yHdL69CLxq3BKsseXIU_i1eQ5mANryedJFVMWIZRfGCcmInp_C1lq1xfzejIHo4x2qBUQ1bwlRAt0hXJuxFMII6tui2JQGi3RmoRkbsiCUaicyL0a9dsvx0BTncfLZjOc1t451Y5xfZfPz_BVaux1vq4Q0y20-AlVa-OUddKQZdREi4ZXL_yeSitIFzLgbSVeqt6Wusdx7KnxhZjBBN4E7WahQMT-GTIm2nOI2JgiaEx6cxqvBaWlxy9Vt64DNVkjjVU5CYEfN9T3RlusPDAdnaq2sF6xng&xkcb=SoBG-_M3amMgoY3Iz50KbzkdCdPP&p=6&fvj=1&vjs=3
0,Business Analyst (80% Remote),Data+analyst,"Remote in New York, NY",The Mom Project,www.indeed.com/pagead/clk?mo=r&ad=-6NYlbfkN0BDp_epf89aHDQhKpPegNJQ_ldQpEFZQsM9OcONMGxWx6pU56EKHF58QjVdAUvn2gV9EB3BqMgBbNdecOS8uUH9J9ZyP2qgQFRQQ_O7KxnPo2c28wAAYaY63ruiEeQauioUWNDSDlCXR_qAmjFRpP3WxDtZZVGJ7_h9raPbwW5rr5W4g6ffSu3uy4y32Ia46aNVpljCxFYFzGQbAWgPcrLf6XUSP6orkC7RqxIo0HXMImkdAHYWA2B8uPdBndWO8bTZNxXeg-u7SAffW-d5H46IgTiTGgu8CsFgqjoQ4cKwHfXhm9w9kLn2PJMqMQE2GQucpZhhkTyHcCFWgm-jCvw_p83KEBuYVA8e6XO8wPlIKjbq9aMadXCCTOvATBUrqgQSCjS2lbO0qmVlXgiBCyaAGidLGbAXXhait3plUWflOK6y2QJbbnXbFbC6GmOLoFLPO8CxjxcGJTMyRmF7FsjegXRsRJufLYbJX7Mndj4kx6O8_2sNhjd67w1J0gmLvB6WzwyoeYDKs8bxCzl5dfuCWC7MmHEa1hpV5gpUfybXw6GvWDdzxOq4&xkcb=SoDb-_M3amMgoY3Iz50JbzkdCdPP&p=7&fvj=0&vjs=3
0,Jr. Data Analyst,Data+analyst,"Purchase, NY",PepsiCo,www.indeed.com/company/PepsiCo/jobs/Junior-Data-Analyst-de3f3de7b3ff12c1?fccid=7ccab2fa064acd3a&vjs=3
0,HEDIS Healthcare Data Analyst,Data+analyst,"Remote in New York, NY 10014",HumanEdge,www.indeed.com/pagead/clk?mo=r&ad=-6NYlbfkN0CIah4bcCPR8IE1VCPwTOyJwrM9WI_DipfScbdA6a1KLNxae7CFbEwQ1wDcpz0uPQkISlmroqLgeDiTsvVeeY2kzh8BSzdCek-qzNd4rr0-KmJ44ULQPxKAMt1u7ULEsfHqfwbDTvFaOwhnmwZYcHwDWb-K8pj7tkII24Wa7_cp6Vn6VTYUas_x0ieqHY0LrArd7hjsa1htg1H8o3x7VCwneEXBt3TNOWdgFofChJvCUHSfijtMIxEKLfmS9qwidQ5lSsstfEzkhcvmeQ_RDGe5Aoox7OYXWbbng2qmr43ISILOxvWCMssTc0uSwMDA6LRZZVDa1ENib6wFXlTjb0vJQ2uPcBtKWrq39INbAz1Vqkcgtp-kIzR06pIHaSXJXjIRNFDBf2nHEhO1vIoV0n912lGjNutrWAAeYGRZ7HTfXrJ2krmVOSxnRrNslAk02cnT1CWItp9ADHTJG3V3Ri6pNosqv1tx3NMzo8WbwAhJtHIMS6i3DfwIAGm96cnU_DVKwk9Rq34XqyVkfFKDw8Ct3l_d1cTxc4zK8nkmY9x0Aj7I41d-j7hzBbUwFgTn2Kv2rNSY81zfnEVh7w1nkPBi7X-jf1HRzQJbEGoszVEP8UEm83uQ6XtHyLobKK09m5hS_gk1fWPYcg==&xkcb=SoBV-_M3amMgoY3Iz50ObzkdCdPP&p=9&fvj=0&vjs=3
0,Data Analyst (Remote),Data+analyst,"Remote in New York, NY",pulseData,www.indeed.com/rc/clk?jk=20d3e043ea23ef18&fccid=2c23f29fcd5c78da&vjs=3
0,Data Analyst,Data+analyst,"Remote in Hicksville, NY",Eteam Infoservices Private Limited,www.indeed.com/pagead/clk?mo=r&ad=-6NYlbfkN0Dh7uhyTJ7ceVX9cxrhRzkf3V-ashF7vV1FDMtoY4ul7SKJM555l1dbk7bs8wi1t-2vvnNga6qqPt464W8jQnLBnyYZUNzlYpUFOgiszrQ-knaGUPLW1CZfnsUPfJts9175BDv19lfqzRSJU1j-pRNP4LkIBGPG_duKNMjiwkSxOh_OzPYndVzA9r24VSYe1l2t3eCdJ0NBlRxMkanxze9qc86S79KvCag5KbYem3R_2dKIV5PAn9EHK7CFhHz7Zj7VZpuLSxxXmiTIwbTlL9HXxctWXdveRvVbHCt_-q08ULtwS7DQYps2ePfU1VrCubOJfeu1CUxuNeD4sq43G92HXoHZtbWZUxOPha6ur5wUrXR2rQqlXlum-sNhF54njc4xrNrLudr-jIXJ7i4wqVBm4MNpoWbaVfGkcNdsqFUNHRG1vhMhozXntwF_7zIYstgic7Mml215P9ioAO_0W_KYjVOghk3vCj8=&xkcb=SoCV-_M3amMgoY3Iz50DbzkdCdPP&p=11&fvj=1&vjs=3
0,Data Analyst,Data+analyst,"Temporarily Remote in New York, NY",Brooksource,www.indeed.com/pagead/clk?mo=r&ad=-6NYlbfkN0BhNN3PPgKPbTMZB0Y0J5JTZS3FnMM-ugqbblX4_m-srDJielPNCs_lvQXXEB0CV7OLe63N4KvXy_HgVoauX6cuMHTR01VhdLSZ04hFmzuVkz3nxIH-wUgqOpcKo8eBCchyqF175cBANPQolPljNQkyV0JhpSYlYKa7N5SSR9Puv1ZiGvMbkgO4bixwR_fxMcuzMW7jsvIY6z76gOZ0mk5B0U5VhPkkTsD4Q9WQRQppBsjz3GdjRECPjrSPeC58dTM_wAkATJ-2hadkqiXq56FZQobvAq5V4G4XLHYo1aiFzCNFB3bl4IOWTxnUB-eF3lxwlmi4Pl-lv5_1KQE3AIB1-YANHrDu6Te5jnMjXUz0Lh6bYxs5b14xNDxv_F81CkgXHNme1ztlSwKoA_rVkBB8s-72ZTFwTL6I6N-DZLV5psfPwwhrxytChHnDivpUN5rKSMwVYz8oSOnZwHiSJZk9wyEJneBOSVbyz9Q_YFdFEA==&xkcb=SoC8-_M3amMgoY3Iz50BbzkdCdPP&p=12&fvj=1&vjs=3
0,Business Analyst.........Remote,Data+analyst,"Remote in New York, NY",Vaco,www.indeed.com/pagead/clk?mo=r&ad=-6NYlbfkN0D_sybMACCpf9B-677oK5j6rPldVB6BlrVvFjO_o-GJZbzuF-qh4PxErFUqfUsv_6vSjtvQBsHlgt55LdABHllQje4pbaedQP1lIIEvcKkR2b9x3jDXHiaWohBVb1IIFkyvXX-1rJel3E8Yf0xKjZFq92jrvP1oHkmJsf4I0YwDFwjdP-M_tvyANj15ov1g5FsLwHKLw9R6WbdivaNUi2olBjTl-h3j4Hb74qGnJvqKdvMxx1jZbNzGqJWoewJOrUdooNmGyjtHUqwCaD4yf2JkJ0CctJe5ApfQVzQzO15Pof3ZxzXB9Zh6sVD9QOcKn5A8bOPIpUbNg0NVfFpiYgYkxtQyTWTO3uBcKMj8pzVzMplYJ6_snnI2h4rkiX5HjRAdMMEbECUbceCDsXE1DeOA078O49vSFg3t-ubJtyj-yFC0osltctGONHi7bntmbzH3F3Km05V8u6V5LrVtojJKJfT--h9xdViIIyE-5WEgnWdO_FM6ZHMhPHxEoUx9CthIK_3SJbtjLxr_zfQaURpr&xkcb=SoAf-_M3amMgobXIz50KbzkdCdPP&p=13&fvj=0&vjs=3
0,Sports Content Data Analyst,Data+analyst,"New York, NY",Disney Streaming,www.indeed.com/rc/clk?jk=b4145d5894a3e2b8&fccid=40e5de3065c12562&vjs=3
0,Investigative Analyst,Data+analyst,"New York, NY",New York County District Attorney's Office,www.indeed.com/rc/clk?jk=88466c7706dfc2dc&fccid=db8116684547d327&vjs=3
0,Reference Data Analyst,Data+analyst,"New York, NY",Lyneer Staffing Solutions,www.indeed.com/pagead/clk?mo=r&ad=-6NYlbfkN0CzpSMMmL9bcygq0luKaL-YXOvtmpbnoTra_K94KogUjNeHNwrau7WjJv6TAyr81mrY1drUNDgTLlodbX-FC8wuRiOgzh0CAnf00VjuD_dBRmg7BJYZF9WCAfzF-y2P2f4Io_4gLE4MPKpUyjKzxQ8AwPJE91BOgvUtFMhzkFPkHKSDiB31sZLzHoszbtiGGguIUcZrwXo3EtBGmIdaJ7__ct0ANCjv9x6Pl28khrv-HfsJ6sLkIjyuLoqdVrNtpgdKAssuj5foOjOsmSJaKfmSlZYUs6ErkvJGc_NrSIC_ItjLxL3oPaRXrGRwYCl2pbkMcQWAGWhs7Xewjs_2zmxCDJsGAyN2uqUM62cV23JldPwgUMK7jGqkj_ERl6TYvMZ5K43F1jcH0GkS-VUlLw0z6hJ2xj5Qx4IYV_zUk03RBEVs254IUcCmN0GUUuVBGD04inJG5Jj_19tPfjC40x80PLhz5HkGzov4vh4hpZVHFutOGK7sK040&xkcb=SoAU-_M3amMgbEgd2D0PbzkdCdPP&p=1&fvj=1&vjs=3
0,Business Analyst (80% Remote),Data+analyst,"Remote in New York, NY",The Mom Project,www.indeed.com/pagead/clk?mo=r&ad=-6NYlbfkN0BDp_epf89aHDQhKpPegNJQ_ldQpEFZQsM9OcONMGxWx6pU56EKHF58QjVdAUvn2gV9EB3BqMgBbNdecOS8uUH9J9ZyP2qgQFRQQ_O7KxnPo2c28wAAYaY63ruiEeQauioUWNDSDlCXR_qAmjFRpP3WxDtZZVGJ7_h9raPbwW5rr5W4g6ffSu3uOviwkVXJPuZF57dZahtRrRjuSo3AczMbhYsPGsTs6DO3foG2_zU-Y4IyZFZGxyQ6tyVNrK6t-kROvA_Yhtw6s7LhnnyauLAcLvTsnCQm-Gv5ap6muix--6-x4vRb6rG8uj6AWonHIvxbdYytkeXmGj7FWA3B8-HFXOnwvVKFi0Edslp-6uLOu6brIrkNsFuCVq214tYpErtWt2UHETnUw9ZNCyOLBUaCwTruCnwvq8GJVZCFvPyQwBNFeCdUZfuImWXniJQHyK3BpwJMSLO3SvuUQu4wg2e6MQLQfLU4P-lIkNa3L-FEmXRRsOoSn6N5noiRMVZRmHsFurw4RGstIc0Kbn6HyPATpZuC0nwk6OKsOeRxVwSuY9W0dbrsLptz&xkcb=SoA9-_M3amMgbEgd2D0NbzkdCdPP&p=2&fvj=0&vjs=3
0,Data Analyst,Data+analyst,"Manhasset, NY 11030",Northwell Health,www.indeed.com/rc/clk?jk=87a59be55061d49f&fccid=6f31e2074a3d8a7b&vjs=3
0,Data Analyst,Data+analyst,"New York, NY+1 location",Disney Streaming,www.indeed.com/rc/clk?jk=9c7a32d474b4cb60&fccid=40e5de3065c12562&vjs=3
0,Forecasting Analyst,Data+analyst,"Remote in New York, NY",Insider Intelligence,www.indeed.com/rc/clk?jk=8781c53806f06d2d&fccid=f6a73d77552dbb58&vjs=3
0,HEDIS Healthcare Data Analyst,Data+analyst,"Remote in New York, NY 10014",HumanEdge,www.indeed.com/pagead/clk?mo=r&ad=-6NYlbfkN0CIah4bcCPR8IE1VCPwTOyJwrM9WI_DipfScbdA6a1KLNxae7CFbEwQ1wDcpz0uPQkISlmroqLgeDiTsvVeeY2kzh8BSzdCek-qzNd4rr0-KmJ44ULQPxKAMt1u7ULEsfHqfwbDTvFaOwhnmwZYcHwDWb-K8pj7tkINS9yCfY5_jqn1curm_gtV5xfbbB6j2IlcNULFt166GMv8zS6S0LZRI2Yp9RfMsUwdEe-7htwVWzzRRrepv61vcipTSug6OBAE_3DQkthUQaS0vpZdcMi7uh78k7I-x06rw7pfQ8LwgMoaoIn2nWwOeo_8l6QVWs4x0U2peFMgUKB41eNBkB_iOQ3lYNtQF45E-43cvLVfIO4tGD8v9eEuzRwuVlR_UzEj3NK4YBhwvmNVtiOBNuhHmbr8IHSG0PNBIL_lezt6a_Raj0OdFO7BycRSsvdHaSxBtVxv1pQYpg3L74ZgVqMsRBXt0ER4YDC2AsP-Fpfi9YUZjfzAd13ISc1MrHKuoDIFNPW6Efvu2boN-Oa9OTLHTvWvol9PPiPBJsph3YVYglpXB_DZyAzoDDgzrrpH8pk-zy9-xpy494nu3Yw1KiUi3q2JLLayjBT-EeRWDiu9-tAWlgN76781aOnBZcqtzLOd0KhaEoS9oQ==&xkcb=SoBe-_M3amMgbHAd2D0LbzkdCdPP&p=6&fvj=0&vjs=3
0,Healthcare Data Analyst,Data+analyst,"Remote in New York, NY",Komodo Health,www.indeed.com/rc/clk?jk=ef16a1ccc7f82cb6&fccid=086cb533b5438773&vjs=3
0,Self-Pay Data Analyst (Remote/Hybrid Opportunity),Data+analyst,"Remote in Rochester, NY+2 locations",University of Rochester,www.indeed.com/rc/clk?jk=25bbcb7db472668d&fccid=92278e592a11e3a5&vjs=3
0,2022 | Data Analytics and Business Intelligence | Analyst |...,Data+analyst,"New York, NY 10282 (Battery Park area)",Goldman Sachs,www.indeed.com/rc/clk?jk=2e0886abf6c9158b&fccid=16a97ed26c75bf2d&vjs=3
0,Data Analyst,Data+analyst,"Remote in Hicksville, NY",Eteam Infoservices Private Limited,www.indeed.com/pagead/clk?mo=r&ad=-6NYlbfkN0Dh7uhyTJ7ceVX9cxrhRzkf3V-ashF7vV1FDMtoY4ul7SKJM555l1dbk7bs8wi1t-2vvnNga6qqPt464W8jQnLBnyYZUNzlYpUFOgiszrQ-knaGUPLW1CZfnsUPfJts9175BDv19lfqzRSJU1j-pRNP4LkIBGPG_duKNMjiwkSxOh_OzPYndVzA9r24VSYe1l1UtBzooFZWXzQ1KGvQvO8KPEYveTbyu7VaiHMjYXfJ77fniI8QJorUI94H7ODgE9VMM0zy8vV-dScQ5U9jcekaFb0GP0pAJpA4EF9NCogS54kU70DKFya27Je3_kZymBQO96fMbnrcIlze1PWyMhQUf1UHa5ZDxu59WJjGneu5Y6ZV5nfZv3mitauwifvAjV2LD3i5M2NPMU-yp6BAukaI-S7nSgX-EitnQ0C86nebQ4ris-b-7cZPeVTkkxnJKGCny9qVi4wtvoSgW-bXvpDrXXFG52_ePug=&xkcb=SoA5-_M3amMgbHAd2D0DbzkdCdPP&p=10&fvj=1&vjs=3
0,Data Analyst,Data+analyst,"New York, NY",Emonics LLC,www.indeed.com/company/Emonics/jobs/Data-Analyst-c14202602d3b10b1?fccid=b3b4a6a45c149841&vjs=3
0,Data Analyst,Data+analyst,"Remote in New York, NY",LTK USA,www.indeed.com/rc/clk?jk=e88a41acf546f564&fccid=e0117173550b758a&vjs=3
0,Data Analyst,Data+analyst,"Remote in New York, NY",Array,www.indeed.com/rc/clk?jk=09765c391a4391c6&fccid=fcab84e8feb37a6a&vjs=3
0,"Data Analyst, Capital Markets",Data+analyst,"Remote in New York, NY 10010",dv01,www.indeed.com/rc/clk?jk=d1ffe1c523b4185b&fccid=54983fa1b37dd1bb&vjs=3
0,HEDIS Healthcare Data Analyst,Data+analyst,"Remote in New York, NY 10014",HumanEdge,www.indeed.com/pagead/clk?mo=r&ad=-6NYlbfkN0CIah4bcCPR8IE1VCPwTOyJwrM9WI_DipfScbdA6a1KLNxae7CFbEwQ1wDcpz0uPQkISlmroqLgeDiTsvVeeY2kzh8BSzdCek-qzNd4rr0-KmJ44ULQPxKAMt1u7ULEsfHqfwbDTvFaOwhnmwZYcHwDWb-K8pj7tkKpMV1y3VITMcaZnCq7Ycka4es4dD56sRSok3dAQ-NEGfI7eplowxpTBmSfkkl1uaPsS4wHWpdEZq9baSUDGCy5c-uFVmLrZQGihLVstmfc07xlBi-HLE4CfQmuBqD0ujAJFu29p5zSY-jyxEbCX-_pJ2ICQEjncG7bUKCisV8iaSoSUptuuu3FanHO8-aUegmm5OiRNPtulNLE_eITJ761k9mLzsLr0sSPc2M166f7zo4ftxqqft23PUicYXrltL7f_xhh8D5tKlCi2jBRRZLtuPcsUcArKZ8kkAQeOI7oXo0E2JG4udELxVD3tv7Wl4Ewx0_MiYdEb56rHichgF7wM8JDwbKqZYe3Gyd6NZoemiAWcTGHO7MUYtgEJtbX-vEOEZPWwPXjVs0ufCO78AzICw7Q5gwhz6DomnNiGCHyb7qDQ6LT069-zBgTZypTOZgqHFisHqtOwTnttaJqMpuUMtTmJ4rNNt8KGl1yaDYmxw==&xkcb=SoCV-_M3amMgNhX-8R0LbzkdCdPP&p=0&fvj=0&vjs=3
0,"Planner, Mapping & Data Analyst",Data+analyst,"New York, NY 10007 (Tribeca area)",New York City Council,www.indeed.com/company/New-York-City-Council/jobs/Planner-3d5f14074fedbc1a?fccid=4df247a3c63cf550&vjs=3
0,Data Analyst,Data+analyst,"Remote in Hicksville, NY",Eteam Infoservices Private Limited,www.indeed.com/pagead/clk?mo=r&ad=-6NYlbfkN0Dh7uhyTJ7ceVX9cxrhRzkf3V-ashF7vV1FDMtoY4ul7SKJM555l1dbk7bs8wi1t-2vvnNga6qqPt464W8jQnLBnyYZUNzlYpUFOgiszrQ-knaGUPLW1CZfnsUPfJts9175BDv19lfqzRSJU1j-pRNP4LkIBGPG_duKNMjiwkSxOh_OzPYndVzA9r24VSYe1l1CIF1QQ79Hz_noNlXApuUbBUcUguiW5wLjnU_7ytOh-iWW_RqtGi6b5nRsln-edbCXK3Hf-Mt5h1b2s2yNoqm_lvGenQ9VZ-zbBKSKn7PGFRkmzasUNPufIwblx60zFC7ckilyaqMwIjf-QuVj4FedfgDBYoMNXjDiSu77fpPsCBbHw3SfiZzPYGZJBvrZZ9Z9Ajo9h8Z5ha-a6V1be32SobAjxmSWcfkWvwIIXw7VSSDoetTvwwnJ1XvMQ1Y983lHOMPHnE3VNgRfS3-vYoZiqiqft2HYOGk=&xkcb=SoBk-_M3amMgNh3-8R0KbzkdCdPP&p=2&fvj=1&vjs=3
0,Data Engineer/ Data Analyst,Data+analyst,"Hybrid remote in Brooklyn, NY 11201",UNIVERSAL Technologies,www.indeed.com/company/Universal-Technologies/jobs/Data-Engineer-34fe00535cbba3fb?fccid=8903b49c6ee9eebb&vjs=3
0,"Senior Research and Data Analyst, Student Life",Data+analyst,"Buffalo, NY 14260",University at Buffalo,www.indeed.com/rc/clk?jk=b0fe36d8ceef1b0f&fccid=69d294dd564bf502&vjs=3
0,Risk Data Analyst,Data+analyst,"New York, NY",Emonics LLC,www.indeed.com/company/Emonics/jobs/Risk-Data-Analyst-e10e815725799a04?fccid=b3b4a6a45c149841&vjs=3
0,Data Analyst - Trading Data,Data+analyst,"New York, NY 10019 (Midtown area)",Triangle Workforce,www.indeed.com/company/Triangle-Workforce/jobs/Data-Analyst-b2a6ef1653336eac?fccid=9a010cfff5da2517&vjs=3
0,Data Analyst,Data+analyst,"New York, NY 10016 (Murray Hill area)",Dataworks,www.indeed.com/company/Dataworks/jobs/Data-Analyst-d4e767e0c9cc007b?fccid=309cb047342d324b&vjs=3
0,Data Analyst,Data+analyst,"Temporarily Remote in New York, NY",Brooksource,www.indeed.com/pagead/clk?mo=r&ad=-6NYlbfkN0BhNN3PPgKPbTMZB0Y0J5JTZS3FnMM-ugqbblX4_m-srDJielPNCs_lvQXXEB0CV7OLe63N4KvXy_HgVoauX6cuMHTR01VhdLSZ04hFmzuVkz3nxIH-wUgqOpcKo8eBCchyqF175cBANPQolPljNQkyV0JhpSYlYKa7N5SSR9Puv1ZiGvMbkgO4bixwR_fxMcsiBPrloLOZ3fVz4-ji0qsjW1qXUQWU6nYuL4Lvvnxx2TkXkGKuWnq9ZJiNRljtpsN7KvTsBqSqZVnxM2iE2PbOkCBWrV6eMytW9ucqKRLxxXucayLLCM8K0Wbrco5iyLnDccOu-OLb3bpkan4gpG0ntlTMx4PdT4AidwzqWmyLRHvaXcaumJTx43mj39gXbggOq_Y3bm6faKjFsfK6fLtsN6PBEiTlmsrmn7cRXNuQvyiCQ4p5jxf0_Fsf6Dcs-bhjJNnLsgjxej-bqjzb8UG7-MlNuJl6DinhF5dGVyHSUw==&xkcb=SoBe-_M3amMgNh3-8R0MbzkdCdPP&p=8&fvj=1&vjs=3
0,Data Analyst,Data+analyst,"Ithaca, NY 14850",Cayuga Medical Center,www.indeed.com/rc/clk?jk=2d586e2b23c02e50&fccid=6f7f8263393c096b&vjs=3
0,Business Analyst.........Remote,Data+analyst,"Remote in New York, NY",Vaco,www.indeed.com/pagead/clk?mo=r&ad=-6NYlbfkN0D_sybMACCpf9B-677oK5j6rPldVB6BlrVvFjO_o-GJZbzuF-qh4PxErFUqfUsv_6vSjtvQBsHlgt55LdABHllQje4pbaedQP1lIIEvcKkR2b9x3jDXHiaWohBVb1IIFkyvXX-1rJel3E8Yf0xKjZFq92jrvP1oHkmJsf4I0YwDFwjdP-M_tvyAEnGLH9UxhYBDhZeSZc8a05r6_LKu5Xnd-0fTCHXQ2XV3p5GrZEKTVdpF9Ry84HC4RFzuQoUJ_snyj1I196geRjXQqQlPgg-cGkXltjBYo6qP-SggFXFuwu505rvKGzXo2QCJ7M8R8v4_PQ7hftv6tZ6zeNYzKxC9vP3Q1MgWO3p9YTUt8aq7i33aiBQ3qWl1-S_tlOPI5asSIGs9QWWztfRAzxm_iU4BZoa6M84aFO9hQ3f6hznRmfAH2BSh0uetcGp1IG4Dt2I-wxw6kQXnoHdZdz4yH4CYb0l0qUe7thGe7nlR4KdqOf-_s1xE5kKgm2_lPp59h2JKIKljld8nROAkWzciMwAR&xkcb=SoDq-_M3amMgNgX-8R0KbzkdCdPP&p=10&fvj=0&vjs=3
0,Crime Analyst,Data+analyst,"Rochester, NY 14623",Rochester Institute of Technology,www.indeed.com/rc/clk?jk=58b20cc256bb93d3&fccid=dba2ecc1a2f5483e&vjs=3
0,Data Analyst with Excel - D4472,Data+analyst,"Remote in Hicksville, NY 11801+3 locations",SOFT Inc,www.indeed.com/company/SOFT-Inc/jobs/Data-Analyst-Excel-3a0be0ebd769d366?fccid=bccc5c69672b82b8&vjs=3
0,(Jr) Quantitative Analyst / Data Scientist,Data+analyst,"Remote in Vienna, NY",TrueChoice Solutions,www.indeed.com/rc/clk?jk=2db9cdae9e9799c7&fccid=97ae2cbdbcac4ed1&vjs=3
0,Technical Data Analyst,Data+analyst,"Remote in New York, NY 10014",Argo Group,www.indeed.com/rc/clk?jk=d0c0b778932b5577&fccid=f294abb5312a512f&vjs=3
0,Senior Data Analyst,Data+analyst,"Remote in New York, NY",Billie,www.indeed.com/rc/clk?jk=d6a4483509652a81&fccid=cf60b0e606708831&vjs=3
0,Junior Business and Data Analyst,Data+analyst,"New York, NY 10001 (Chelsea area)",Utilisave,www.indeed.com/rc/clk?jk=f0d1777499efcd45&fccid=5dd85e4f1861bacd&vjs=3
0,Data Analyst,Data+analyst,"Hybrid remote in New York, NY 10010",Haven Technologies,www.indeed.com/rc/clk?jk=18bc607b8707dc97&fccid=3e5e72b4d1c6b869&vjs=3
0,Product Data Analyst,Data+analyst,"Remote in New York, NY",LeagueApps,www.indeed.com/rc/clk?jk=aca87f51651033e3&fccid=95859149095eccf3&vjs=3
0,Policy Analyst,Data+analyst,"New York, NY 10010 (Gramercy area)",COMMUNITY SERVICE SOCIETY OF NEW YORK,www.indeed.com/rc/clk?jk=c689779f37689534&fccid=5bcab41438c9c155&vjs=3
0,Data Analyst,Data+analyst,"Rochester, NY 14605 (Upper Falls area)",FTS (Fast Tracking Solutions),www.indeed.com/company/Fast-Tracking-Solutions/jobs/Data-Analyst-1931840a4c34c0b3?fccid=b8d857eefbe99af8&vjs=3
0,Solutions Analyst,Data+analyst,"Remote in New York, NY",Enigma,www.indeed.com/rc/clk?jk=c82b4dc75d6976e6&fccid=70c6841399d154a5&vjs=3
0,Data Analyst,Data+analyst,"Tarrytown, NY 10591",Siemens,www.indeed.com/company/Siemens/jobs/Data-Analyst-587493d33a89f890?fccid=ea6bb53f0b18b8f2&vjs=3
0,Data Analyst,Data+analyst,"Temporarily Remote in New York, NY",Brooksource,www.indeed.com/pagead/clk?mo=r&ad=-6NYlbfkN0BhNN3PPgKPbTMZB0Y0J5JTZS3FnMM-ugqbblX4_m-srDJielPNCs_lvQXXEB0CV7OLe63N4KvXy_HgVoauX6cuMHTR01VhdLSZ04hFmzuVkz3nxIH-wUgqOpcKo8eBCchyqF175cBANPQolPljNQkyV0JhpSYlYKa7N5SSR9Puv1ZiGvMbkgO4bixwR_fxMcv3UZMcmlW2kN3KDaLCiQOaiUO2SFyLlJiZmepo__DqQypYnopgTZv8DRy4FZ8MWSVrRS7zmQKpo44VaKm63P7vVxp05F4L6V1DLRSFLCuLPuyLmgKMpl8Er7xTj8y298golm13pULX43Ow7JLnczM7rvZS6ePs-cR1XiT6rsnK755aff_Rf5ewkKnqKT9JaciZvxbNe0jcoE4G0IOz6_zCqLEOJ1rIQMkfjRW9xNEAM626IIo23D5_ZQR68oVi_8TGsi6fRjfEew9I0qFkVqj9W9JdPMo5Or9n2ov4dvX0jw==&xkcb=SoDT-_M3amM_-t2Nh50PbzkdCdPP&p=8&fvj=1&vjs=3
0,"Analyst, Meter Data Services",Data+analyst,"Syracuse, NY+1 location",NATIONAL GRID CO USA (NE POWER),www.indeed.com/rc/clk?jk=9d778f0723fca7e1&fccid=79d765fbdf57b7d6&vjs=3
0,Business Analyst.........Remote,Data+analyst,"Remote in New York, NY",Vaco,www.indeed.com/pagead/clk?mo=r&ad=-6NYlbfkN0D_sybMACCpf9B-677oK5j6rPldVB6BlrVvFjO_o-GJZbzuF-qh4PxErFUqfUsv_6vSjtvQBsHlgt55LdABHllQje4pbaedQP1lIIEvcKkR2b9x3jDXHiaWohBVb1IIFkyvXX-1rJel3E8Yf0xKjZFq92jrvP1oHkmJsf4I0YwDFwjdP-M_tvyAXeB9QI0xnsH6wt7RDNUGhvjTXFK16zLLL737u9WaAwJ785rBas1JmD8-YD1Ix_7G0-Ay9OjaG1qFhjMeedlS8Go2uOgAb4qwsubgpvx0ZwJrNSTICzvtu9HPDW0Snczx9ynFpEGk-dposMIabgmLpzHAoNInWmjmvRaW_kd0pfJ7bdsXXepSXwwI5qFeVtjIWgkLWgBU9xyl3W26p0oXmwuItFA7quSIvu-hXAcAS06_ARaohrOIDHmalm2siwbNytZWaSMyK0r-iu-zRQlGAk0eof170XtG4EldWKxeuN9I0jvfls_zh0Rq46KNB040GQ5-mKKFedztK-CE92o-wIwVZJW8i27H&xkcb=SoD6-_M3amM_-sWNh50KbzkdCdPP&p=10&fvj=0&vjs=3
0,Clinical Data Analyst,Data+analyst,"Remote in New York, NY 10007",Flatiron Health,www.indeed.com/rc/clk?jk=ed0888c9597ae0ca&fccid=966804bce9d82eb0&vjs=3
0,Data Analyst - Parametric,Data+analyst,"New York, NY 10036 (Midtown area)",Morgan Stanley,www.indeed.com/rc/clk?jk=c0d7acf25575374a&fccid=0c39fb2c91742dcf&vjs=3
0,Data Analyst,Data+analyst,"Remote in New York, NY",DispatchHealth,www.indeed.com/rc/clk?jk=6e7a49021b7bf77d&fccid=e878d032323d129e&vjs=3
0,Data Analyst 2,Data+analyst,"New York, NY 10027 (Hamilton Heights area)","General Services, Office of",www.indeed.com/rc/clk?jk=48735cbffc6c0045&fccid=c6cbfaa8cbc49c28&vjs=3
0,Data Analyst III,Data+analyst,"Hybrid remote in Long Island, NY+1 location",Fidelis Care,www.indeed.com/rc/clk?jk=f57d23c7128a65ca&fccid=5ece327da33e0274&vjs=3
0,Data Analyst - Merchandising (Remote),Data+analyst,"Remote in New York, NY",CustomInk,www.indeed.com/rc/clk?jk=2fe831c541ef6525&fccid=7675e528c17ce6a4&vjs=3
0,Reference Data Analyst,Data+analyst,"New York, NY",Lyneer Staffing Solutions,www.indeed.com/pagead/clk?mo=r&ad=-6NYlbfkN0CzpSMMmL9bcygq0luKaL-YXOvtmpbnoTra_K94KogUjNeHNwrau7WjJv6TAyr81mrY1drUNDgTLlodbX-FC8wuRiOgzh0CAnf00VjuD_dBRmg7BJYZF9WCAfzF-y2P2f4Io_4gLE4MPKpUyjKzxQ8AwPJE91BOgvUtFMhzkFPkHKSDiB31sZLzzXo9QcEyUvABI3ahuV9KGjhcziyjk0IP360K-9OhrP-64Cuvldkq-oZfgLvbrlgTtqa7VE4RRsCHeemJfCXIocP3njAR3oiE1ONkkc0udeU2yZwS3zFTkNd3zTJwYd66hJZnGVKqgSFn23-PaK4rqrRlNsGmRQGayTeZU5qGZq-NruOwDF3Yx7hM3xOiuz2P8FAEHplcEkriwUMs4yCfQDgRYcPuuQEqxnOCoY4-9ri2wyeG0i4gy-GwUQIpHPWTa6wi-Hb0iEPAeDO1w6owd8cG9qaWJ5C_Gc3leVPrB9LNSWJzKKGywrdAO5WsfbDN&xkcb=SoAE-_M3amM_t2A2u70LbzkdCdPP&p=2&fvj=1&vjs=3
0,Business Analyst (80% Remote),Data+analyst,"Remote in New York, NY",The Mom Project,www.indeed.com/pagead/clk?mo=r&ad=-6NYlbfkN0BDp_epf89aHDQhKpPegNJQ_ldQpEFZQsM9OcONMGxWx6pU56EKHF58QjVdAUvn2gV9EB3BqMgBbNdecOS8uUH9J9ZyP2qgQFRQQ_O7KxnPo2c28wAAYaY63ruiEeQauioUWNDSDlCXR_qAmjFRpP3WxDtZZVGJ7_h9raPbwW5rr8MKom-bu44y54yPIWC_5MydIA15EmIFLH6dyplElsnxoSqnOhH1d-mV84bxj0KwI4dtkaeczeYUB5r-X12Z1ThI21lwTc42_rmY8a1pZu6h8Eu_8d2lM6biq1qN1qzLn7ZLq-F8UoeVqUtEYVlyDWY9hlokfWKwowUX4RwgTlH0Ff3dJgULOBRxP78oMtc0N5806gknvZ1JpOcY4K4CgeqdMRyy4TvmjI0eJxhxpXddKTe-zH6ief-4Up0QK5bDOHX2F4mKMMObuAJeLWkJgJJualDbkRWcNdfiQ2Ya3dDbtktjjn-PIHPW8Ul49hre8Nu47NjY1UsXkx5ShLXvsTsEM_diV7HR9j5Z8eARv3VExkk8W7Ei6KFSxWeId8r73Hn0eYuleGSg&xkcb=SoCw-_M3amM_t2A2u70KbzkdCdPP&p=3&fvj=0&vjs=3
0,Data Analyst,Data+analyst,"New York, NY 10014 (SoHo area)",Publicis Media,www.indeed.com/rc/clk?jk=5062fc4355e54b58&fccid=18d58239dbfc6097&vjs=3
0,Entry Level Data Analyst,Data+analyst,"Rochester, NY 14608 (Central Business District area)",Sigma Data Insights,www.indeed.com/company/SIGMA-Data-Insights/jobs/Entry-Level-Data-Analyst-e5940cf77c68a742?fccid=6f31ede798549ffc&vjs=3
0,Data Analyst - Revenue Initiatives,Data+analyst,"New York, NY 10004 (Financial District area)+2 locations",NYC Health + Hospitals,www.indeed.com/rc/clk?jk=5dd07ccd7e35f848&fccid=1b2c00b70debd38f&vjs=3
0,HEDIS Healthcare Data Analyst,Data+analyst,"Remote in New York, NY 10014",HumanEdge,www.indeed.com/pagead/clk?mo=r&ad=-6NYlbfkN0CIah4bcCPR8IE1VCPwTOyJwrM9WI_DipfScbdA6a1KLNxae7CFbEwQ1wDcpz0uPQkISlmroqLgeDiTsvVeeY2kzh8BSzdCek-qzNd4rr0-KmJ44ULQPxKAMt1u7ULEsfHqfwbDTvFaOwhnmwZYcHwDWb-K8pj7tkKgP5WXIaKPMJXxXlWWt95_a79awQ2a5Kb8kzn0ThwJvCcvKaTeRhaQHPUtKa2YHQnwunQhOhveprIxsX67pNsDnxOFGus51P4XWG_VToQVnKfcimXRGlze9biF5Q_6AEI-7S2LR2gRYXHsjJzjUZxOATr6e7aNSbGh_FKKZjkTbmrriSjk0uTEKrFF6AHdztSo8oGysV6if3abZ7qyVFA1h4BQrnZSTXGMfhtOLXIodVVTI3GL24yyMrltuaQbyk-oNThLpgcUQZEFvoeJrywEfSZeb6DZ-4sZldeenOThaoInjeP3241N8wjVQr0iHK575FS6J7tjkgE-o9zIx5ZK466edQuw1Ftlj57b6aTIzqbFi1IWzPla9tRfDGucjlOrjuD8QwNYHFwm7Y9X3xPV1hZ3fruCsBbBki-8W4L1IflLHPYOnrzfaQtP8lmQ296QlOpt61ccm2NWbgKnxA0rj2MzIzKXTlMJrE7u2cdweg==&xkcb=SoBo-_M3amM_t2g2u70JbzkdCdPP&p=7&fvj=0&vjs=3
0,Data Analyst,Data+analyst,"New York, NY",Flowcode,www.indeed.com/rc/clk?jk=8b0da1fd63e030ea&fccid=8ed1ab6fbb7f58bd&vjs=3
0,Contract Senior Business/Data Analyst,Data+analyst,"Hybrid remote in New York, NY 10122+1 location",PenMark SOLUTIONS,www.indeed.com/company/Trf-Technologies/jobs/Contract-Senior-Business-Data-Analyst-f395d0a6367d29e2?fccid=fa8c4c41e0f2106a&vjs=3
0,"Deutsche Bank Analyst Program - Technology, Data and Innovat...",Data+analyst,"New York, NY",Deutsche Bank,www.indeed.com/rc/clk?jk=bea07abb45841939&fccid=f1d8e147024abb3f&vjs=3
0,Data Insights Analyst,Data+analyst,"New York, NY 10018 (Garment District area)",Macro Consultants,www.indeed.com/rc/clk?jk=063ffd5853063e23&fccid=9e41e8591f146baa&vjs=3
0,Senior Data Analyst,Data+analyst,"Rome, NY 13441",NYSTEC,www.indeed.com/rc/clk?jk=87a4257e76a186ad&fccid=836180483b1c4ec6&vjs=3
0,Data Analyst Clients Reporting and Insights,Data+analyst,"New York, NY 10001 (Chelsea area)","Haymarket Media, Inc",www.indeed.com/rc/clk?jk=417c8c8acdc902d3&fccid=779ad5ad7ede38f0&vjs=3
0,Data Analyst,Data+analyst,"Queens, NY 11413",Merrick Academy Queens Public Charter School,www.indeed.com/company/Merrick-Academy-Queens-Public-Charter-School/jobs/Data-Analyst-39314dcefedb924e?fccid=d89f91417667a6ea&vjs=3
0,Data Analyst,Data+analyst,"Remote in New York, NY 10022","Engel & Völkers Americas, Inc.",www.indeed.com/rc/clk?jk=ef3cf0a0f2fabbed&fccid=9d488e693f61e695&vjs=3
0,Transportation Program Specialist / Data Analyst (DIRECT HIR...,Data+analyst,"Remote in New York, NY",US Federal Transit Administration,www.indeed.com/rc/clk?jk=c764630aaa461f03&fccid=dd616958bd9ddc12&vjs=3
0,Senior Data Analyst,Data+analyst,"New York, NY 10017 (Midtown area)",TopView Sightseeing,www.indeed.com/company/TopView-Sightseeing/jobs/Senior-Data-Analyst-70d7817bd7a80b2b?fccid=d76a0789a5cc75e9&vjs=3
0,"Business Analyst, Data Science & Analytics",Data+analyst,"Remote in Melville, NY",MSC Industrial Supply Co.,www.indeed.com/rc/clk?jk=4058e28a5c704537&fccid=03d1cab2c90ea3c2&vjs=3
0,Data Analyst I,Data+analyst,"Albany, NY 12211","Senate, NYS",www.indeed.com/rc/clk?jk=d0b4eb21a66ba590&fccid=23a33d43a1387d78&vjs=3
0,Data Analyst,Data+analyst,"Temporarily Remote in New York, NY",Brooksource,www.indeed.com/pagead/clk?mo=r&ad=-6NYlbfkN0BhNN3PPgKPbTMZB0Y0J5JTZS3FnMM-ugqbblX4_m-srDJielPNCs_lvQXXEB0CV7OLe63N4KvXy_HgVoauX6cuMHTR01VhdLSZ04hFmzuVkz3nxIH-wUgqOpcKo8eBCchyqF175cBANPQolPljNQkyV0JhpSYlYKa7N5SSR9Puv1ZiGvMbkgO4xbFqU3AdyDyvtTfJr_CrOrRuCWryXGqOPmzKyFeWa62gK8mbyyUxQMO60vXZU627bHivykBv2GyqkEcSzGKGxjGpJFm2XRoKtPdwlW1Ugh5mF3YKnYBiyy2gYCWxyezeSpK_2AiQ58KfOWDppPf1TM2SKRotkag_H2BFs2kqkKj4Tm4JrSpEV18lTFtF6JiOtho0vwUDqb5z-JD7EkTMskD9sA5vswQrqJ78OLLrn844sRKVASZsi_2_WjvKIsuHAKKQJF5jLHkHblDu2Usouztd8zZ22FtEMz4mlSPe-ikcVouD8JGfVg==&xkcb=SoAE-_M3amM_VWTWjB0PbzkdCdPP&p=5&fvj=1&vjs=3
0,Business Analyst,Data+analyst,"New York, NY",Amiga Informatics Pvt. Ltd,www.indeed.com/company/Amiga-Informatics-Pvt.-Ltd/jobs/Business-Analyst-116b819cb390cf72?fccid=65ca7c78da1cf571&vjs=3
0,Business Intelligence Analyst (Hybrid),Data+analyst,"Queens, NY 11354+1 location",CenterLight Health System,www.indeed.com/company/Center-Light-Healthcare/jobs/Business-Intelligence-Analyst-1acaac7611268a1f?fccid=a36890ce4ae1b70b&vjs=3
0,Business Analyst.........Remote,Data+analyst,"Remote in New York, NY",Vaco,www.indeed.com/pagead/clk?mo=r&ad=-6NYlbfkN0D_sybMACCpf9B-677oK5j6rPldVB6BlrVvFjO_o-GJZbzuF-qh4PxErFUqfUsv_6vSjtvQBsHlgt55LdABHllQje4pbaedQP1lIIEvcKkR2b9x3jDXHiaWohBVb1IIFkyvXX-1rJel3E8Yf0xKjZFq92jrvP1oHkmJsf4I0YwDFwjdP-M_tvyAxYl4in6IHeVLYiuyLrWctIFR8tUCGoJyyUOP671zWyb9H2Pu19KrwMFM1J0oyawke4_nY_mV3mi3xP-f2vz3axMzS4uNtvHSu22sBlnuwPId6dyPS-nDJOw_pvVD7VcfprtUKXFUJr9621CiLONmKaC88t1DWPq7jDkCXU-hZpQGbIcxikdQ7msTD9s-CKr_xjPCr0akz9WerNP9UhZqtBOcja6ekjEjBm9BKul7m92lzvlgai5pWdouwAa2BTo34wtJkQGIXa-7_8_PgUvSSAU5PZ2LjgviIa1w29kPFKJVZELNDlBmgjNq-QMG6MEP3kAs-Ki57o-K8sf5qeDgAQR85Wp-XVrn&xkcb=SoB7-_M3amM_VWzWjB0JbzkdCdPP&p=8&fvj=0&vjs=3
0,Manufacturing Data Analyst,Data+analyst,"Fairport, NY 14450",Corning,www.indeed.com/rc/clk?jk=b279581c80868b69&fccid=fb75933edd65f432&vjs=3
0,Entry Level Transportation Planner/Data Analyst,Data+analyst,"New York, NY 10002 (Lower East Side area)",Jacobs,www.indeed.com/rc/clk?jk=11163ddc6fedb95c&fccid=de56d7554bea5214&vjs=3
0,Data Support Analyst,Data+analyst,"Tonawanda, NY 14150",Willson International Ltd.,www.indeed.com/rc/clk?jk=f2b483f540e38835&fccid=9a2c34bd460daa0f&vjs=3
0,Data Analyst,Data+analyst,"Tarrytown, NY 10591",COMTEC INFORMATION SYSTEMS,www.indeed.com/company/COMTEC-INFORMATION-SYSTEMS/jobs/Data-Analyst-7621f45fb585b558?fccid=b47a3f52ad45bd34&vjs=3
0,Associate Business Analyst,Data+analyst,"New York, NY+1 location",Scholastic,www.indeed.com/rc/clk?jk=2ee2d3a6abc4c596&fccid=f8bb8eb40f54f89f&vjs=3
0,Data Analyst - People Analytics,Data+analyst,"Hybrid remote in New York, NY 10006",Doctors Without Borders | Médecins Sans Frontières,www.indeed.com/rc/clk?jk=29768fe91e64d46e&fccid=ad2a90ebc3b2790d&vjs=3
0,Software Engineer / Data Analyst,Data+analyst,"New York, NY",Chilton Trust,www.indeed.com/rc/clk?jk=9a4248e21c582082&fccid=821caa0813401b72&vjs=3
0,Senior Analyst - Data Science,Data+analyst,"New York, NY",Amex,www.indeed.com/rc/clk?jk=a0f57f92c7de77e5&fccid=f057e04c37cca134&vjs=3
0,Data Analyst I (Mayberg's lab) - Neurology,Data+analyst,"New York, NY 10003 (East Village area)+5 locations",Mount Sinai,www.indeed.com/rc/clk?jk=70a7f696e3fa4816&fccid=c007936ceb766fe5&vjs=3
0,Data Analyst,Data+analyst,"New York, NY 10001 (Chelsea area)",MarketAxess,www.indeed.com/rc/clk?jk=20b022712a585611&fccid=8887e5b75bc5ade9&vjs=3
0,"Data Analyst, Risk",Data+analyst,"New York, NY 10011 (Chelsea area)",Current,www.indeed.com/rc/clk?jk=115e586ef029112f&fccid=384e0959abbf337a&vjs=3
0,Business Analyst /Telecom Expense Analyst,Data+analyst,"New York, NY 10036 (Midtown area)+4 locations",Morgan Stanley,www.indeed.com/rc/clk?jk=667198b8e1191dd4&fccid=0c39fb2c91742dcf&vjs=3
0,Entry Level Data Analyst,Data+analyst,"New York, NY+1 location",TRESUME,www.indeed.com/company/TRESUME/jobs/Entry-Level-Data-Analyst-dc9d5c7d1611ab1e?fccid=8456b57e4d97ccb6&vjs=3
0,Data Analyst,Data+analyst,"New York, NY 10017 (Midtown area)",New York Jobs CEO Council,www.indeed.com/company/New-York-Jobs-CEO-Council/jobs/Data-Analyst-1da81d24d5a7b15d?fccid=e5fb4c8964a95509&vjs=3
0,"Data Analyst, SMB",Data+analyst,"New York, NY 10017 (Midtown area)+5 locations",TikTok,www.indeed.com/rc/clk?jk=33b7ceb1d35e1f6b&fccid=caed318a9335aac0&vjs=3
0,Entry Level Business Analyst,Data+analyst,"New York, NY 10122 (Chelsea area)",Mobile Apps US,www.indeed.com/company/Mobile-Apps-US/jobs/Entry-Level-Business-Analyst-af89b4fe745fd189?fccid=4651c281cbfb12ff&vjs=3
0,Technical Business Analyst - Financial Services (100% remote...,Data+analyst,"Remote in New York, NY",Ascendo Resources,www.indeed.com/pagead/clk?mo=r&ad=-6NYlbfkN0Cnp95dEus6hpwNZzYO14T2JYXzT_gSfUX9Wy6PXUfQDWuhabOeV2rgO_Q_jgVOdPR2A5MnVeg5ojPUUP1IqzSZu4tnYfF_tSy-E9C5P4dEd6mNJuCu2kTPi6Zw9mS8_LqPMoW3KOMle3VzjBV_fmoiluUv26pue93OocXZ3EX0pNl6bvjIEEVqtnFdawVETFrQIXh_IhcFLHb_TO10ZI9_Hqg8X6FpJHm1UKR-vgtDinqWgvkPkypuTXhgPIvmqf9ek30E-oj2IyrGmq6dATSI3CezZHAJOG_S1yLfJldgAHAeOIJN278pB6n_HmRARxHGuF7-pG4WSxUpcmyLzHKraTwV5BOafv16wyojQDwPui_awsVvUxTfBet8LWsl-HclAMlm-WhDv7l_JlEdba8LpBbGjzyeHHJgGTxBKpM5QN80tevr56cZanLd-fqOPBXL6uRAZKWAQmNVs1Rlad5a1efupSbTPWO3qmlZsGqgEfb8ctEG9gs-a6mAYTj-exE3Ow9M7XZ-exf9BZHs6XHbOK4xPsNFfbM=&xkcb=SoDR-_M3amM_YWgCqb0JbzkdCdPP&p=10&fvj=1&vjs=3
0,Ops Data Analyst -12 month assignment,Data+analyst,"New York, NY 10016 (Tudor City area)",Informa Connect,www.indeed.com/rc/clk?jk=408d68441feabd50&fccid=4a7f522d35443986&vjs=3
0,Associate People Data Analyst,Data+analyst,"Remote in New York, NY",Anaplan,www.indeed.com/rc/clk?jk=47e1958d8fee142b&fccid=93ffb51d89b44b5d&vjs=3
0,"Analyst, Subscriber Retention",Data+analyst,"New York, NY",The New York Times,www.indeed.com/rc/clk?jk=388e4c1b28875a8b&fccid=1b50fcfb150b1b48&vjs=3
0,Data Analyst - Assistant Vice President,Data+analyst,"New York, NY+1 location",Deutsche Bank,www.indeed.com/rc/clk?jk=3af29030ff1b6bfc&fccid=f1d8e147024abb3f&vjs=3
0,Sales Communications Analyst (Data Analytics),Data+analyst,"Purchase, NY",PepsiCo,www.indeed.com/company/PepsiCo/jobs/Sales-Communication-Analyst-37c85dfa9ddbeb01?fccid=2973259ddc967948&vjs=3
0,Data Analyst,Data+analyst,"New York, NY 10004 (Financial District area)",Arizent,www.indeed.com/rc/clk?jk=1a446ef1bb490056&fccid=f53c0974ebaa0066&vjs=3
0,"Business Analyst, AdBI",Data+analyst,"New York, NY+8 locations",Amazon.com Services LLC,www.indeed.com/rc/clk?jk=81182eaa9682fc3f&fccid=fe2d21eef233e94a&vjs=3
0,Policy and Legal Analyst,Data+analyst,"New York, NY 10007 (Financial District area)",NYC Campaign Finance Board,www.indeed.com/company/Nyc-Campaign-Finance-Board/jobs/Policy-Legal-Analyst-432d3720f302444d?fccid=40e6bfe2e9eb6735&vjs=3
0,Data Analyst,Data+analyst,"Temporarily Remote in New York, NY",Brooksource,www.indeed.com/pagead/clk?mo=r&ad=-6NYlbfkN0BhNN3PPgKPbTMZB0Y0J5JTZS3FnMM-ugqbblX4_m-srDJielPNCs_lvQXXEB0CV7OLe63N4KvXy_HgVoauX6cuMHTR01VhdLSZ04hFmzuVkz3nxIH-wUgqOpcKo8eBCchyqF175cBANPQolPljNQkyV0JhpSYlYKa7N5SSR9Puv1ZiGvMbkgO4xbFqU3AdyDxgPTZo24kipsn05zRFH5G1QVezbBRoPdY2JEyjxuKaDWFQXSHyj6RKjAGqRtxT9dNbyWRwxfcBOekLx5rpiuQvcCriadd6NxLqU4I9-8TVPdPtpzVzbJkkQ0n_NkYb3K10EjhyaaR5YvLSYIc0-rSv6loNhr-woyVppds1j1zSs33m1b3nsjrUG78zTv4W60vCBUqCAb18WobJnIpsmYrZombd8U2kO42JVd3-sTyC24YG3SGvBwK59jWnTvwyvTbYNS5KOocl5A0Mt9n1odTUoqOCTsYpZXhv1q9CQd6r5A==&xkcb=SoBS-_M3amM_PWzs3x0KbzkdCdPP&p=4&fvj=1&vjs=3
0,Customer Data Analyst (CONTRACT),Data+analyst,"New York, NY 10120 (Chelsea area)",L'Occitane En Provence,www.indeed.com/rc/clk?jk=2b6793e0fbc79ce3&fccid=63f22823c9fd6e73&vjs=3
0,Data Analyst,Data+analyst,"New York, NY 10110 (East Village area)",Vince LLC,www.indeed.com/rc/clk?jk=f802ac7cff5c0c12&fccid=eb00ce6e71bd7b97&vjs=3
0,"Data Analyst, Sr. Associate",Data+analyst,"New York, NY+2 locations",New York Life Insurance Co,www.indeed.com/rc/clk?jk=c828b85f2dbb6c05&fccid=f0595ebb13247329&vjs=3
0,Business Analyst.........Remote,Data+analyst,"Remote in New York, NY",Vaco,www.indeed.com/pagead/clk?mo=r&ad=-6NYlbfkN0D_sybMACCpf9B-677oK5j6rPldVB6BlrVvFjO_o-GJZbzuF-qh4PxErFUqfUsv_6vSjtvQBsHlgt55LdABHllQje4pbaedQP1lIIEvcKkR2b9x3jDXHiaWohBVb1IIFkyvXX-1rJel3E8Yf0xKjZFq92jrvP1oHkmJsf4I0YwDFwjdP-M_tvyAHo9JC5LW1MYub_jQPYbB-tr0pE3EXH5uFDejgHbFfwHylhSAsdh1uuBttjPG4GyuLkUIrK7VW2J8wTHWdhXZvL90Novx1MIGnEv2SMM4n8snd0vt4b5XFX4jtdJInRw2rq9txHR6JajsE8oXxGbI1nk-VdBqcDIfepVaE5iLPsz5jn_KrK0qgsSeSbQAHcQDqrB2ANQWhaSTWMHjDXd-Btf3V2Fv9Ipu1RPDPw4-CI-utZKXz-l6OXqL2njUIsZNvwUFkJSBzDpFaRKjJXf46KKAobIvNK-XMBxjwPE737aLgbpU7spdUA4yGzHj2bf8xkP0pxOGLg-zABw5lyAMmP-CHLvokRUQ&xkcb=SoBB-_M3amM_PWzs3x0ObzkdCdPP&p=8&fvj=0&vjs=3
0,Data Analyst – St. Peter's Hospital – Full Time Days,Data+analyst,"Albany, NY 12208 (New Scotland area)",St. Peter's Health Partners,www.indeed.com/rc/clk?jk=d2b06d7e2927400f&fccid=d6bd420ed7a3261b&vjs=3
0,Data Wrangler (Analyst),Data+analyst,"Remote in Rochester, NY",Casana,www.indeed.com/rc/clk?jk=4de48618adb5ecba&fccid=cd3a78bd1dda9912&vjs=3
0,"Junior Data Analyst, Compliance & Risk",Data+analyst,"New York, NY 10041 (Financial District area)",S&P Global,www.indeed.com/rc/clk?jk=fdd1505b2ee9d61d&fccid=b716e44d2c6283e7&vjs=3
0,Business Analyst,Data+analyst,"New York, NY 10006 (Financial District area)","Beta Plus Technologies, Inc",www.indeed.com/rc/clk?jk=58e157e497d10cbf&fccid=dd616958bd9ddc12&vjs=3
0,"Data Analyst, BPE",Data+analyst,"New York, NY+4 locations",Meta,www.indeed.com/rc/clk?jk=8933816e1b65591f&fccid=ba07516c418dda52&vjs=3
0,Senior Data Analyst,Data+analyst,"Remote in New York, NY",The Arena Group,www.indeed.com/rc/clk?jk=b57cf18633034d59&fccid=2b1b12b748d7747c&vjs=3
0,QA Data Analyst,Data+analyst,"Troy, NY",Regeneron,www.indeed.com/rc/clk?jk=72c04d88ff43b8d4&fccid=f042b91ff3f82696&vjs=3
0,Sr. Talent Acquisition Data Analyst,Data+analyst,"New York, NY 10007 (Financial District area)+1 location",Uber,www.indeed.com/rc/clk?jk=e0d538dd57e4e9d5&fccid=f766f8bfbc3effb7&vjs=3
0,Technical Data Analyst,Data+analyst,"New York, NY 10003 (Flatiron area)",Union Square Hospitality Group,www.indeed.com/rc/clk?jk=cc5c22c53a4da02c&fccid=e8debcf5401ec888&vjs=3
0,Data Analyst/SQL Developer,Data+analyst,"Purchase, NY 10577",PepsiCo,www.indeed.com/company/PepsiCo/jobs/Data-Analyst-SQL-Developer-e96a11b80c269902?fccid=2973259ddc967948&vjs=3
0,Data Analyst,Data+analyst,"New York, NY",realtor.com,www.indeed.com/rc/clk?jk=c2040ce0b9573462&fccid=1c8655b948495cbc&vjs=3
0,Data Analyst,Data+analyst,"Remote in Hicksville, NY",Eteam Infoservices Private Limited,www.indeed.com/pagead/clk?mo=r&ad=-6NYlbfkN0Dh7uhyTJ7ceVX9cxrhRzkf3V-ashF7vV1FDMtoY4ul7SKJM555l1dbk7bs8wi1t-2vvnNga6qqPt464W8jQnLBnyYZUNzlYpUFOgiszrQ-knaGUPLW1CZfnsUPfJts9175BDv19lfqzRSJU1j-pRNP4LkIBGPG_duKNMjiwkSxOh_OzPYndVzAd2yITE_1RBwfYY6a4CsGb6aJH-kOlKIi4uzn1aGYeb49IlZl4tVZkYmuUFJpd2O5rS2-2phWJQxvqoR4rQw9obQ08mLWmcR7Q9lE5aF-L6irdNCG_jLfU0_VjhAIC8cTpAG-XcPkb9HM-TkGXlz8DKbLy8nPqf7dZEHl6DWxEI_TaJUzPjdksPmOxlw1L5KB1PpDyW33bi1DrqGwPpF_H33N1DRuEjJ98OoNpD18xe9miI8aW3b652Rtti7BtmHcLSRQnrmfMStN7rXUuUID7nnVhubojpNvaxgOs-8IIyU=&xkcb=SoDj-_M3amM-yJ3Iz50JbzkdCdPP&p=5&fvj=1&vjs=3
0,Senior Client Analytics Analyst,Data+analyst,"Remote in New York, NY 10007",Capital Rx,www.indeed.com/rc/clk?jk=2232ef7d8974960b&fccid=f56b79ee939bc784&vjs=3
0,Associate Consultant – Data Analyst,Data+analyst,"Remote in New York, NY 10006",Aon Corporation,www.indeed.com/rc/clk?jk=3e56b36194922cf2&fccid=dc08cb56cb2d6276&vjs=3
0,Senior Data Analyst,Data+analyst,"New York, NY",Pair Eyewear,www.indeed.com/rc/clk?jk=3d07fb2d411b59bb&fccid=cff503177d0a5f3f&vjs=3
0,Data Equity Analyst,Data+analyst,"Long Island City, NY 11101",Fund For Public Health In New York Inc,www.indeed.com/rc/clk?jk=942f03c6aacae8e7&fccid=c6b5143eab3dbe34&vjs=3
0,"Program Analyst, Evaluation and Reporting",Data+analyst,"New York, NY 10001 (Garment District area)",Research Foundation of The City University of New...,www.indeed.com/rc/clk?jk=edcca6a61722db75&fccid=667ba717ce627077&vjs=3
0,Senior Data Insights Analyst,Data+analyst,"Remote in New York, NY 10002","Bluecore, Inc.",www.indeed.com/rc/clk?jk=69e92b89d03496ec&fccid=1fadbcea263f6714&vjs=3
0,Digital Delivery - Data Analyst - New York,Data+analyst,"New York, NY",Efficio Consulting,www.indeed.com/rc/clk?jk=e865aaa9f804fdda&fccid=09259b45804a23c4&vjs=3
0,"Business Analyst (Entry Level) Rotation Program - New York,...",Data+analyst,"Remote in New York, NY 10018",Net at Work,www.indeed.com/rc/clk?jk=655855444c877e19&fccid=a6cac95cb99b86ce&vjs=3
0,"Data Steward Senior Analyst, Vendor/Location",Data+analyst,"Purchase, NY 10577+1 location",PepsiCo,www.indeed.com/rc/clk?jk=8ed9cfee883e33ba&fccid=2973259ddc967948&vjs=3
0,Brain Imaging Data Analyst,Data+analyst,"New York, NY 10022 (Midtown area)",Child Mind Institute,www.indeed.com/company/The-Child-Mind-Institute/jobs/Brain-Imaging-Data-Analyst-cbf33a700bb3f399?fccid=fb465fefc1b46291&vjs=3
0,Data Analyst,Data+analyst,"Remote in New York, NY",wpromote,www.indeed.com/rc/clk?jk=b9c12b93b62b1f1e&fccid=dd456b751b733408&vjs=3
0,Data Analyst,Data+analyst,"New York, NY",Cowen,www.indeed.com/rc/clk?jk=9599c87d05e650c0&fccid=cce8f994bf82af20&vjs=3
0,Data Analyst,Data+analyst,"Temporarily Remote in New York, NY",Brooksource,www.indeed.com/pagead/clk?mo=r&ad=-6NYlbfkN0BhNN3PPgKPbTMZB0Y0J5JTZS3FnMM-ugqbblX4_m-srDJielPNCs_lvQXXEB0CV7OLe63N4KvXy_HgVoauX6cuMHTR01VhdLSZ04hFmzuVkz3nxIH-wUgqOpcKo8eBCchyqF175cBANPQolPljNQkyV0JhpSYlYKa7N5SSR9Puv1ZiGvMbkgO4xbFqU3AdyDwJQDHqJ1lGPqc4-QwTiRImfy5I2yUTqKnzibXoffadQwM8GbmLCwp-UGOqofF5Vsp_Jdu4dzvskbIKBMUGPCqWndx_TZwOfGfQj3QN0GjD4whYj_Iefa8qMGRt3JxcXlGkwn_sLPd-63d_U2G1OTYbNYGMzl-OI_ealznkYnQGyXA6kMghMHnE9PpvbI-hk9kx0yQ_FkYTRlmhAgrQ2rZglF0dxeF5_VHTx1XDFOxxDirSS8KWLvhHTfjmaiLBIwYROvfRvVWtP6SkxGJwFAHMMg_rUk5esKfmE56351bNVQ==&xkcb=SoAf-_M3amM-5bX-8R0KbzkdCdPP&p=3&fvj=1&vjs=3
0,Entry Level Business Analyst,Data+analyst,"New York, NY",Data Cloud Merge,www.indeed.com/rc/clk?jk=b166c19908f90585&fccid=ce55bbcf39d8834f&vjs=3
0,Data System & Energy Analyst (REMOTE),Data+analyst,"Remote in New York, NY 10018",TRC,www.indeed.com/rc/clk?jk=a05353895e186990&fccid=68cfe21d4d32a19c&vjs=3
0,"Analyst, Data Management",Data+analyst,"Hybrid remote in Purchase, NY 10577",MasterCard,www.indeed.com/rc/clk?jk=d059b732d829881f&fccid=10b5c722d846df43&vjs=3
0,Business Analyst.........Remote,Data+analyst,"Remote in New York, NY",Vaco,www.indeed.com/pagead/clk?mo=r&ad=-6NYlbfkN0D_sybMACCpf9B-677oK5j6rPldVB6BlrVvFjO_o-GJZbzuF-qh4PxErFUqfUsv_6vSjtvQBsHlgt55LdABHllQje4pbaedQP1lIIEvcKkR2b9x3jDXHiaWohBVb1IIFkyvXX-1rJel3E8Yf0xKjZFq92jrvP1oHkmJsf4I0YwDFwjdP-M_tvyACwwsvjtWrHRzZoRV2Fmeaid4ACNo8UBzRX2fzbockMt3h3d1O3_l-Ot7s-aTOPs6Kwyu7LcurEQb3iJk1omSFOrsh4nokV9TUqBvX1bGF71IUSuEeuqp_P4BsdNTd-TSnPoe4dGeNOkMLeJ88yKeC9iyExHkx5nApyLuk7lqVACYNbjwgTR-qsfWbA0sMm0S4rNu3xOoL8kP3sPdQQbRAqROdNUx1TIKG2GD3QQi6ppw4JgCwkA3sxCMQBixVrwwLdJeX-XEcVwIUrnDvNpSB4nFmHTZw7-Gb4c_5QyLLMj8bx_vNl4VTh0DK6ifr3qYu1b_N6-zReGaLxU_hmDs6o8UvNuO23dN&xkcb=SoAM-_M3amM-5bX-8R0ObzkdCdPP&p=7&fvj=0&vjs=3
0,Data Visualization and GIS Analyst,Data+analyst,"Queens, NY 11101",Division of Information Technology - NYC...,www.indeed.com/company/Division-of-Information-Technology---NYC-Department-of-Health-and-Mental-Hygiene/jobs/Data-Visualization-GIS-Analyst-49b42f1328ff4371?fccid=dd29001debb6a3d3&vjs=3
0,Quality Assurance Analyst,Data+analyst,"Remote in New York, NY",Array,www.indeed.com/rc/clk?jk=e3b7a4f91c823b14&fccid=fcab84e8feb37a6a&vjs=3
0,Data Analyst,Data+analyst,"Hybrid remote in New York, NY",Luminate,www.indeed.com/rc/clk?jk=35137c4929ff69ef&fccid=8970a3ecb2f5b884&vjs=3
0,Marketing Data & Insights Analyst,Data+analyst,"Remote in New York, NY",AIP Publishing,www.indeed.com/rc/clk?jk=6906ec6a297cfcee&fccid=1d730e5aa895bcf4&vjs=3
0,Data Analyst - Data & Analytics,Data+analyst,"New York, NY",Structure Tone,www.indeed.com/rc/clk?jk=8c86e8862e016bf6&fccid=630702f2dffc01d0&vjs=3
0,Business Analyst-Risk and Resilience,Data+analyst,"New York, NY 10004 (Financial District area)",Parabolic USA,www.indeed.com/company/Parabolic-USA/jobs/Business-Analyst-Risk-Resilience-259794bbbf7a90bd?fccid=f69d723c99c28ae5&vjs=3
0,Data Analyst,Data+analyst,"Long Island City, NY 11101+1 location",Standard Motor Products,www.indeed.com/company/Standard-Motor-Products/jobs/Data-Analyst-a8d2a491607b3d2a?fccid=64472f3a461342f8&vjs=3
